Sector;País;Año;Valor
Transporte;Argentina;2000;558.796
Transporte;Bolivia;2000;
Transporte;Brasil;2000;1250.0
Transporte;Chile;2000;219.767441860465
Transporte;Colombia;2000;49.7
Transporte;Costa Rica;2000;
Transporte;Cuba;2000;96.8
Transporte;Ecuador;2000;10.0
Transporte;El Salvador;2000;
Transporte;Guatemala;2000;
Transporte;Haiti;2000;
Transporte;Honduras;2000;
Transporte;México;2000;1100.27777777778
Transporte;Nicaragua;2000;
Transporte;Panamá;2000;
Transporte;Paraguay;2000;
Transporte;Perú;2000;
Transporte;República Dominicana;2000;
Transporte;Uruguay;2000;
Transporte;Venezuela;2000;252.600006103516
Transporte;Argentina;2001;508.826
Transporte;Bolivia;2001;
Transporte;Brasil;2001;1200.0
Transporte;Chile;2001;231.395348837209
Transporte;Colombia;2001;51.0
Transporte;Costa Rica;2001;
Transporte;Cuba;2001;99.4
Transporte;Ecuador;2001;10.0
Transporte;El Salvador;2001;
Transporte;Guatemala;2001;
Transporte;Haiti;2001;
Transporte;Honduras;2001;
Transporte;México;2001;1125.0
Transporte;Nicaragua;2001;
Transporte;Panamá;2001;
Transporte;Paraguay;2001;
Transporte;Perú;2001;
Transporte;República Dominicana;2001;
Transporte;Uruguay;2001;
Transporte;Venezuela;2001;247.600006103516
Transporte;Argentina;2002;524.8695
Transporte;Bolivia;2002;
Transporte;Brasil;2002;940.0
Transporte;Chile;2002;213.953488372093
Transporte;Colombia;2002;54.5
Transporte;Costa Rica;2002;
Transporte;Cuba;2002;97.4
Transporte;Ecuador;2002;10.0
Transporte;El Salvador;2002;
Transporte;Guatemala;2002;
Transporte;Haiti;2002;
Transporte;Honduras;2002;
Transporte;México;2002;1130.0
Transporte;Nicaragua;2002;
Transporte;Panamá;2002;
Transporte;Paraguay;2002;
Transporte;Perú;2002;
Transporte;República Dominicana;2002;
Transporte;Uruguay;2002;
Transporte;Venezuela;2002;240.574172973633
Transporte;Argentina;2003;540.913
Transporte;Bolivia;2003;
Transporte;Brasil;2003;980.0
Transporte;Chile;2003;219.767441860465
Transporte;Colombia;2003;52.4
Transporte;Costa Rica;2003;
Transporte;Cuba;2003;101.5
Transporte;Ecuador;2003;10.0
Transporte;El Salvador;2003;
Transporte;Guatemala;2003;
Transporte;Haiti;2003;
Transporte;Honduras;2003;
Transporte;México;2003;1110.89437541154
Transporte;Nicaragua;2003;
Transporte;Panamá;2003;
Transporte;Paraguay;2003;
Transporte;Perú;2003;
Transporte;República Dominicana;2003;
Transporte;Uruguay;2003;
Transporte;Venezuela;2003;202.86
Transporte;Argentina;2004;583.423
Transporte;Bolivia;2004;
Transporte;Brasil;2004;1039.0
Transporte;Chile;2004;232.834881
Transporte;Colombia;2004;43.0
Transporte;Costa Rica;2004;
Transporte;Cuba;2004;92.3
Transporte;Ecuador;2004;10.0
Transporte;El Salvador;2004;
Transporte;Guatemala;2004;
Transporte;Haiti;2004;
Transporte;Honduras;2004;
Transporte;México;2004;1092.73917146629
Transporte;Nicaragua;2004;
Transporte;Panamá;2004;
Transporte;Paraguay;2004;
Transporte;Perú;2004;
Transporte;República Dominicana;2004;
Transporte;Uruguay;2004;
Transporte;Venezuela;2004;238.06
Transporte;Argentina;2005;607.634
Transporte;Bolivia;2005;
Transporte;Brasil;2005;1188.0
Transporte;Chile;2005;251.872437
Transporte;Colombia;2005;55.2
Transporte;Costa Rica;2005;
Transporte;Cuba;2005;100.013853081604
Transporte;Ecuador;2005;10.0
Transporte;El Salvador;2005;
Transporte;Guatemala;2005;
Transporte;Haiti;2005;
Transporte;Honduras;2005;
Transporte;México;2005;1090.29047137166
Transporte;Nicaragua;2005;
Transporte;Panamá;2005;
Transporte;Paraguay;2005;
Transporte;Perú;2005;
Transporte;República Dominicana;2005;
Transporte;Uruguay;2005;
Transporte;Venezuela;2005;259.998480873766
Transporte;Argentina;2006;617.8179005
Transporte;Bolivia;2006;
Transporte;Brasil;2006;1462.1
Transporte;Chile;2006;324.202588
Transporte;Colombia;2006;56.66368
Transporte;Costa Rica;2006;
Transporte;Cuba;2006;106.991563761716
Transporte;Ecuador;2006;10.0
Transporte;El Salvador;2006;
Transporte;Guatemala;2006;
Transporte;Haiti;2006;
Transporte;Honduras;2006;
Transporte;México;2006;1089.3226262325
Transporte;Nicaragua;2006;
Transporte;Panamá;2006;
Transporte;Paraguay;2006;
Transporte;Perú;2006;
Transporte;República Dominicana;2006;
Transporte;Uruguay;2006;
Transporte;Venezuela;2006;272.937601861832
Transporte;Argentina;2007;628.001801
Transporte;Bolivia;2007;
Transporte;Brasil;2007;1574.76
Transporte;Chile;2007;408.092978185622
Transporte;Colombia;2007;56.72052
Transporte;Costa Rica;2007;
Transporte;Cuba;2007;168.628008102705
Transporte;Ecuador;2007;10.0
Transporte;El Salvador;2007;
Transporte;Guatemala;2007;
Transporte;Haiti;2007;
Transporte;Honduras;2007;
Transporte;México;2007;1089.58936756206
Transporte;Nicaragua;2007;
Transporte;Panamá;2007;
Transporte;Paraguay;2007;
Transporte;Perú;2007;
Transporte;República Dominicana;2007;
Transporte;Uruguay;2007;
Transporte;Venezuela;2007;276.462748427795
Transporte;Argentina;2008;652.471027
Transporte;Bolivia;2008;
Transporte;Brasil;2008;1606.679
Transporte;Chile;2008;426.352650933631
Transporte;Colombia;2008;57.71812
Transporte;Costa Rica;2008;
Transporte;Cuba;2008;270.967764744347
Transporte;Ecuador;2008;10.0
Transporte;El Salvador;2008;
Transporte;Guatemala;2008;
Transporte;Haiti;2008;
Transporte;Honduras;2008;
Transporte;México;2008;1111.873341527
Transporte;Nicaragua;2008;
Transporte;Panamá;2008;
Transporte;Paraguay;2008;
Transporte;Perú;2008;
Transporte;República Dominicana;2008;2.682894
Transporte;Uruguay;2008;
Transporte;Venezuela;2008;279.983233810746
Transporte;Argentina;2009;662.139155
Transporte;Bolivia;2009;
Transporte;Brasil;2009;1590.93
Transporte;Chile;2009;422.332603
Transporte;Colombia;2009;64.27461628
Transporte;Costa Rica;2009;
Transporte;Cuba;2009;264.0
Transporte;Ecuador;2009;10.0
Transporte;El Salvador;2009;
Transporte;Guatemala;2009;
Transporte;Haiti;2009;
Transporte;Honduras;2009;
Transporte;México;2009;1110.61742822974
Transporte;Nicaragua;2009;
Transporte;Panamá;2009;
Transporte;Paraguay;2009;
Transporte;Perú;2009;
Transporte;República Dominicana;2009;26.0376085
Transporte;Uruguay;2009;
Transporte;Venezuela;2009;281.959436956707
Transporte;Argentina;2010;674.029947
Transporte;Bolivia;2010;0.08341
Transporte;Brasil;2010;1662.0
Transporte;Chile;2010;436.559662
Transporte;Colombia;2010;66.45987726
Transporte;Costa Rica;2010;
Transporte;Cuba;2010;251.4
Transporte;Ecuador;2010;10.0
Transporte;El Salvador;2010;
Transporte;Guatemala;2010;
Transporte;Haiti;2010;
Transporte;Honduras;2010;
Transporte;México;2010;1191.36594304953
Transporte;Nicaragua;2010;
Transporte;Panamá;2010;
Transporte;Paraguay;2010;
Transporte;Perú;2010;
Transporte;República Dominicana;2010;29.292506
Transporte;Uruguay;2010;
Transporte;Venezuela;2010;246.705109976814
Transporte;Argentina;2011;693.069261
Transporte;Bolivia;2011;0.12164
Transporte;Brasil;2011;1700.0
Transporte;Chile;2011;477.522983
Transporte;Colombia;2011;68.14511035
Transporte;Costa Rica;2011;
Transporte;Cuba;2011;253.6
Transporte;Ecuador;2011;10.0
Transporte;El Salvador;2011;
Transporte;Guatemala;2011;
Transporte;Haiti;2011;
Transporte;Honduras;2011;
Transporte;México;2011;1123.32167318262
Transporte;Nicaragua;2011;
Transporte;Panamá;2011;
Transporte;Paraguay;2011;
Transporte;Perú;2011;3.41710571084827
Transporte;República Dominicana;2011;31.994826
Transporte;Uruguay;2011;
Transporte;Venezuela;2011;251.999290871517
Transporte;Argentina;2012;614.50685
Transporte;Bolivia;2012;0.12668
Transporte;Brasil;2012;1885.176
Transporte;Chile;2012;474.104274
Transporte;Colombia;2012;70.74325354
Transporte;Costa Rica;2012;
Transporte;Cuba;2012;257.7
Transporte;Ecuador;2012;10.0
Transporte;El Salvador;2012;
Transporte;Guatemala;2012;
Transporte;Haiti;2012;
Transporte;Honduras;2012;
Transporte;México;2012;1130.7472486221
Transporte;Nicaragua;2012;
Transporte;Panamá;2012;
Transporte;Paraguay;2012;
Transporte;Perú;2012;3.41710571084827
Transporte;República Dominicana;2012;30.774135
Transporte;Uruguay;2012;
Transporte;Venezuela;2012;244.975026523934
Transporte;Argentina;2013;620.652
Transporte;Bolivia;2013;0.14784
Transporte;Brasil;2013;1883.857
Transporte;Chile;2013;510.92595
Transporte;Colombia;2013;77.44940265
Transporte;Costa Rica;2013;
Transporte;Cuba;2013;295.8
Transporte;Ecuador;2013;10.0
Transporte;El Salvador;2013;
Transporte;Guatemala;2013;
Transporte;Haiti;2013;
Transporte;Honduras;2013;
Transporte;México;2013;1175.05279153262
Transporte;Nicaragua;2013;
Transporte;Panamá;2013;
Transporte;Paraguay;2013;
Transporte;Perú;2013;3.41710571084827
Transporte;República Dominicana;2013;45.939839
Transporte;Uruguay;2013;
Transporte;Venezuela;2013;242.343765638691
Transporte;Argentina;2014;587.943133430351
Transporte;Bolivia;2014;1.50165
Transporte;Brasil;2014;1978.981
Transporte;Chile;2014;944.3673654
Transporte;Colombia;2014;77.20290663
Transporte;Costa Rica;2014;
Transporte;Cuba;2014;302.4
Transporte;Ecuador;2014;10.0
Transporte;El Salvador;2014;
Transporte;Guatemala;2014;
Transporte;Haiti;2014;
Transporte;Honduras;2014;
Transporte;México;2014;1145.76674020289
Transporte;Nicaragua;2014;
Transporte;Panamá;2014;18.8000060644138
Transporte;Paraguay;2014;
Transporte;Perú;2014;36.7528121178634
Transporte;República Dominicana;2014;52.320518
Transporte;Uruguay;2014;
Transporte;Venezuela;2014;
Transporte;Argentina;2015;604.651162790698
Transporte;Bolivia;2015;6.603056
Transporte;Brasil;2015;2055.193
Transporte;Chile;2015;1088.57727407629
Transporte;Colombia;2015;80.733344896
Transporte;Costa Rica;2015;
Transporte;Cuba;2015;312.026
Transporte;Ecuador;2015;10.0
Transporte;El Salvador;2015;
Transporte;Guatemala;2015;
Transporte;Haiti;2015;
Transporte;Honduras;2015;
Transporte;México;2015;1134.24029354493
Transporte;Nicaragua;2015;
Transporte;Panamá;2015;42.0000135481584
Transporte;Paraguay;2015;
Transporte;Perú;2015;47.8623761531363
Transporte;República Dominicana;2015;53.903288
Transporte;Uruguay;2015;
Transporte;Venezuela;2015;
Transporte;Argentina;2016;546.349912331054
Transporte;Bolivia;2016;8.584036
Transporte;Brasil;2016;2007.249
Transporte;Chile;2016;985.78507498
Transporte;Colombia;2016;95.6269751699999
Transporte;Costa Rica;2016;
Transporte;Cuba;2016;287.2
Transporte;Ecuador;2016;10.0
Transporte;El Salvador;2016;
Transporte;Guatemala;2016;
Transporte;Haiti;2016;
Transporte;Honduras;2016;
Transporte;México;2016;1140.66576419176
Transporte;Nicaragua;2016;
Transporte;Panamá;2016;36.6000118062523
Transporte;Paraguay;2016;
Transporte;Perú;2016;45.5862596300001
Transporte;República Dominicana;2016;53.644354
Transporte;Uruguay;2016;
Transporte;Venezuela;2016;
Transporte;Argentina;2017;660.398
Transporte;Bolivia;2017;13.489166
Transporte;Brasil;2017;2055.193
Transporte;Chile;2017;963.494062608
Transporte;Colombia;2017;96.79136233
Transporte;Costa Rica;2017;
Transporte;Cuba;2017;293.3
Transporte;Ecuador;2017;10.33677621
Transporte;El Salvador;2017;
Transporte;Guatemala;2017;
Transporte;Haiti;2017;
Transporte;Honduras;2017;
Transporte;México;2017;1077.54398547059
Transporte;Nicaragua;2017;
Transporte;Panamá;2017;41.1000132578407
Transporte;Paraguay;2017;
Transporte;Perú;2017;48.06406684
Transporte;República Dominicana;2017;50.621199
Transporte;Uruguay;2017;
Transporte;Venezuela;2017;235.01
Transporte;Argentina;2018;544.112063090146
Transporte;Bolivia;2018;22.186577
Transporte;Brasil;2018;1968.24
Transporte;Chile;2018;1229.33046032
Transporte;Colombia;2018;104.44673819
Transporte;Costa Rica;2018;
Transporte;Cuba;2018;290.1
Transporte;Ecuador;2018;10.82253876
Transporte;El Salvador;2018;
Transporte;Guatemala;2018;
Transporte;Haiti;2018;
Transporte;Honduras;2018;
Transporte;México;2018;1072.8952604
Transporte;Nicaragua;2018;
Transporte;Panamá;2018;40.5999879431927
Transporte;Paraguay;2018;
Transporte;Perú;2018;59.71142069
Transporte;República Dominicana;2018;59.150477
Transporte;Uruguay;2018;1.1629517
Transporte;Venezuela;2018;
Transporte;Argentina;2019;528.3328132605315
Transporte;Bolivia;2019;29.87978200000001
Transporte;Brasil;2019;1628.661030218928
Transporte;Chile;2019;1401.00181962631
Transporte;Colombia;2019;105.44673819
Transporte;Costa Rica;2019;
Transporte;Cuba;2019;288.22788
Transporte;Ecuador;2019;10.95613771
Transporte;El Salvador;2019;
Transporte;Guatemala;2019;
Transporte;Haiti;2019;
Transporte;Honduras;2019;
Transporte;México;2019;1106.2495172
Transporte;Nicaragua;2019;
Transporte;Panamá;2019;53.6999840529421
Transporte;Paraguay;2019;
Transporte;Perú;2019;75.2241845212707
Transporte;República Dominicana;2019;65.809279
Transporte;Uruguay;2019;1.1629517
Transporte;Venezuela;2019;
Transporte;Argentina;2020;313.8296438686584
Transporte;Bolivia;2020;18.097353
Transporte;Brasil;2020;2013.641
Transporte;Chile;2020;1122.56001480692
Transporte;Colombia;2020;80.7238544922928
Transporte;Costa Rica;2020;
Transporte;Cuba;2020;256.55133
Transporte;Ecuador;2020;10.79599
Transporte;El Salvador;2020;
Transporte;Guatemala;2020;
Transporte;Haiti;2020;
Transporte;Honduras;2020;
Transporte;México;2020;945.037276
Transporte;Nicaragua;2020;
Transporte;Panamá;2020;70.0999791827047
Transporte;Paraguay;2020;
Transporte;Perú;2020;69.4747829746865
Transporte;República Dominicana;2020;53.252769
Transporte;Uruguay;2020;2.3259034
Transporte;Venezuela;2020;
Transporte;Argentina;2021;490.2229717578196
Transporte;Bolivia;2021;24.871797
Transporte;Brasil;2021;2000.008
Transporte;Chile;2021;1244.01388221419
Transporte;Colombia;2021;89.3370897666205
Transporte;Costa Rica;2021;
Transporte;Cuba;2021;265.92826
Transporte;Ecuador;2021;10.96231071
Transporte;El Salvador;2021;
Transporte;Guatemala;2021;
Transporte;Haiti;2021;
Transporte;Honduras;2021;
Transporte;México;2021;1581.5476766
Transporte;Nicaragua;2021;
Transporte;Panamá;2021;80.049976227896
Transporte;Paraguay;2021;
Transporte;Perú;2021;77.6142127
Transporte;República Dominicana;2021;63.110921
Transporte;Uruguay;2021;4.6518068
Transporte;Venezuela;2021;
Industrial;Argentina;2000;34835.347
Industrial;Bolivia;2000;866.0047087692872
Industrial;Brasil;2000;109984.116
Industrial;Chile;2000;11933.7209302326
Industrial;Colombia;2000;10607.909776
Industrial;Costa Rica;2000;1633.06
Industrial;Cuba;2000;3928.7
Industrial;Ecuador;2000;2218.427869571
Industrial;El Salvador;2000;1230.96963051876
Industrial;Guatemala;2000;1038.8
Industrial;Haiti;2000;104.665657043457
Industrial;Honduras;2000;893.173034667969
Industrial;México;2000;93437.5
Industrial;Nicaragua;2000;435.700012207031
Industrial;Panamá;2000;506.407522941286
Industrial;Paraguay;2000;890.79
Industrial;Perú;2000;6921.16436710167
Industrial;República Dominicana;2000;3905.54615544284
Industrial;Uruguay;2000;1594.4067807
Industrial;Venezuela;2000;28025.0
Industrial;Argentina;2001;34039.2457906977
Industrial;Bolivia;2001;855.54
Industrial;Brasil;2001;103723.84099
Industrial;Chile;2001;12653.488372093
Industrial;Colombia;2001;11093.258924
Industrial;Costa Rica;2001;1422.81
Industrial;Cuba;2001;3778.8
Industrial;Ecuador;2001;2188.765274765
Industrial;El Salvador;2001;1869.67
Industrial;Guatemala;2001;1912.007746933505
Industrial;Haiti;2001;104.67
Industrial;Honduras;2001;935.345397949219
Industrial;México;2001;92993.0555555555
Industrial;Nicaragua;2001;409.058288574219
Industrial;Panamá;2001;430.677995607726
Industrial;Paraguay;2001;919.91
Industrial;Perú;2001;6996.49430165659
Industrial;República Dominicana;2001;4017.48624171762
Industrial;Uruguay;2001;1559.5182297
Industrial;Venezuela;2001;29317.599609375
Industrial;Argentina;2002;34058.284372093
Industrial;Bolivia;2002;894.6811828337279
Industrial;Brasil;2002;115257.3186
Industrial;Chile;2002;13048.8372093023
Industrial;Colombia;2002;11713.825051
Industrial;Costa Rica;2002;1859.41
Industrial;Cuba;2002;3630.4
Industrial;Ecuador;2002;2692.555853382
Industrial;El Salvador;2002;2061.78576606277
Industrial;Guatemala;2002;2190.558424790187
Industrial;Haiti;2002;90.0
Industrial;Honduras;2002;984.796630859375
Industrial;México;2002;93812.0
Industrial;Nicaragua;2002;448.4
Industrial;Panamá;2002;438.865280366235
Industrial;Paraguay;2002;858.54
Industrial;Perú;2002;7100.88133389032
Industrial;República Dominicana;2002;4425.7553981419
Industrial;Uruguay;2002;1454.8525767
Industrial;Venezuela;2002;28480.91796875
Industrial;Argentina;2003;37604.3010232558
Industrial;Bolivia;2003;947.6496061565354
Industrial;Brasil;2003;120296.07
Industrial;Chile;2003;13576.7441860465
Industrial;Colombia;2003;12224.453669
Industrial;Costa Rica;2003;1908.87
Industrial;Cuba;2003;3165.9
Industrial;Ecuador;2003;2855.554685935
Industrial;El Salvador;2003;2104.43754848996
Industrial;Guatemala;2003;2251.129761136217
Industrial;Haiti;2003;98.0
Industrial;Honduras;2003;1084.7
Industrial;México;2003;109303.744707123
Industrial;Nicaragua;2003;513.4
Industrial;Panamá;2003;349.980949983583
Industrial;Paraguay;2003;1054.43
Industrial;Perú;2003;7095.90691499966
Industrial;República Dominicana;2003;4730.54416687243
Industrial;Uruguay;2003;1461.8302869
Industrial;Venezuela;2003;29266.35
Industrial;Argentina;2004;39991.764
Industrial;Bolivia;2004;1075.985511293736
Industrial;Brasil;2004;128866.866
Industrial;Chile;2004;14037.8186363577
Industrial;Colombia;2004;12775.313778
Industrial;Costa Rica;2004;1952.33536167314
Industrial;Cuba;2004;3137.8
Industrial;Ecuador;2004;3793.041860371
Industrial;El Salvador;2004;2141.99840871906
Industrial;Guatemala;2004;2413.831504196256
Industrial;Haiti;2004;151.16
Industrial;Honduras;2004;1188.59
Industrial;México;2004;115234.764657055
Industrial;Nicaragua;2004;544.9
Industrial;Panamá;2004;367.014791229728
Industrial;Paraguay;2004;1150.79
Industrial;Perú;2004;7223.92547169646
Industrial;República Dominicana;2004;3909.11359156807
Industrial;Uruguay;2004;1615.3399113
Industrial;Venezuela;2004;32094.41
Industrial;Argentina;2005;41140.257
Industrial;Bolivia;2005;1148.840918750364
Industrial;Brasil;2005;130567.671951481
Industrial;Chile;2005;14205.1345251094
Industrial;Colombia;2005;13124.495473
Industrial;Costa Rica;2005;2049.69
Industrial;Cuba;2005;3362.09359603393
Industrial;Ecuador;2005;4128.090005488
Industrial;El Salvador;2005;1975.92395391179
Industrial;Guatemala;2005;2691.026468689477
Industrial;Haiti;2005;153.88088
Industrial;Honduras;2005;1208.79599741769
Industrial;México;2005;119406.070773931
Industrial;Nicaragua;2005;662.3
Industrial;Panamá;2005;364.493339009657
Industrial;Paraguay;2005;1249.67
Industrial;Perú;2005;7254.81553441141
Industrial;República Dominicana;2005;4391.50697271093
Industrial;Uruguay;2005;1699.0724337
Industrial;Venezuela;2005;35052.0786547081
Industrial;Argentina;2006;44763.362
Industrial;Bolivia;2006;1272.239639861909
Industrial;Brasil;2006;135956.96625
Industrial;Chile;2006;15050.7608851488
Industrial;Colombia;2006;14067.503724
Industrial;Costa Rica;2006;1852.58
Industrial;Cuba;2006;3612.12822873794
Industrial;Ecuador;2006;5020.728485786
Industrial;El Salvador;2006;2088.84
Industrial;Guatemala;2006;2678.340865074241
Industrial;Haiti;2006;157.727
Industrial;Honduras;2006;1211.70109748225
Industrial;México;2006;123696.286329968
Industrial;Nicaragua;2006;677.8
Industrial;Panamá;2006;524.209336301525
Industrial;Paraguay;2006;1369.3
Industrial;Perú;2006;7390.70485279775
Industrial;República Dominicana;2006;4799.24668117882
Industrial;Uruguay;2006;1710.7019507
Industrial;Venezuela;2006;36796.4853338251
Industrial;Argentina;2007;42996.24646156
Industrial;Bolivia;2007;1353.390841152812
Industrial;Brasil;2007;143649.91695725
Industrial;Chile;2007;16359.0376916924
Industrial;Colombia;2007;14587.12528
Industrial;Costa Rica;2007;1952.61
Industrial;Cuba;2007;3650.50563747856
Industrial;Ecuador;2007;4229.929580542
Industrial;El Salvador;2007;2158.71
Industrial;Guatemala;2007;2931.375080697224
Industrial;Haiti;2007;269.746946104259
Industrial;Honduras;2007;1285.3938024532
Industrial;México;2007;127552.485733664
Industrial;Nicaragua;2007;725.5
Industrial;Panamá;2007;375.174921885511
Industrial;Paraguay;2007;1463.33
Industrial;Perú;2007;7720.45229251581
Industrial;República Dominicana;2007;4973.82961042378
Industrial;Uruguay;2007;1890.9594642
Industrial;Venezuela;2007;37271.7331671364
Industrial;Argentina;2008;45916.4052816
Industrial;Bolivia;2008;1588.217574704517
Industrial;Brasil;2008;146523.899141769
Industrial;Chile;2008;16165.8415969559
Industrial;Colombia;2008;14563.555445
Industrial;Costa Rica;2008;1913.42
Industrial;Cuba;2008;3417.91528147483
Industrial;Ecuador;2008;4386.169231674
Industrial;El Salvador;2008;2219.58
Industrial;Guatemala;2008;2721.481601032924
Industrial;Haiti;2008;269.75
Industrial;Honduras;2008;1388.31504196256
Industrial;México;2008;129821.51160908
Industrial;Nicaragua;2008;763.5
Industrial;Panamá;2008;505.971757791035
Industrial;Paraguay;2008;1536.27
Industrial;Perú;2008;8383.28171106116
Industrial;República Dominicana;2008;5052.69934465922
Industrial;Uruguay;2008;2442.19857
Industrial;Venezuela;2008;37746.3525961856
Industrial;Argentina;2009;44489.656559254
Industrial;Bolivia;2009;1661.034147407245
Industrial;Brasil;2009;139963.1537287629
Industrial;Chile;2009;15598.5686379433
Industrial;Colombia;2009;14262.560591
Industrial;Costa Rica;2009;1733.34953217198
Industrial;Cuba;2009;3620.9
Industrial;Ecuador;2009;5993.569264443
Industrial;El Salvador;2009;2194.9
Industrial;Guatemala;2009;3141.155584247902
Industrial;Haiti;2009;118.4
Industrial;Honduras;2009;1241.70432537121
Industrial;México;2009;124278.316843835
Industrial;Nicaragua;2009;745.5
Industrial;Panamá;2009;569.722585327705
Industrial;Paraguay;2009;1517.29
Industrial;Perú;2009;7928.08374994699
Industrial;República Dominicana;2009;4918.30198556755
Industrial;Uruguay;2009;2406.1470673
Industrial;Venezuela;2009;38012.7773378884
Industrial;Argentina;2010;48296.9235359081
Industrial;Bolivia;2010;1621.880589662258
Industrial;Brasil;2010;152746.4834550758
Industrial;Chile;2010;14046.2657615606
Industrial;Colombia;2010;15152.506181
Industrial;Costa Rica;2010;1828.49526017036
Industrial;Cuba;2010;3708.8
Industrial;Ecuador;2010;6631.452762317
Industrial;El Salvador;2010;2222.1908901206
Industrial;Guatemala;2010;3053.970303421562
Industrial;Haiti;2010;67.29
Industrial;Honduras;2010;1267.10781149128
Industrial;México;2010;132795.655313928
Industrial;Nicaragua;2010;830.7
Industrial;Panamá;2010;650.80020993194
Industrial;Paraguay;2010;1623.02
Industrial;Perú;2010;8777.99959438024
Industrial;República Dominicana;2010;4771.95475916399
Industrial;Uruguay;2010;2530.5828992
Industrial;Venezuela;2010;33259.9132516633
Industrial;Argentina;2011;49705.0831031972
Industrial;Bolivia;2011;1638.5945126679
Industrial;Brasil;2011;155346.9235161231
Industrial;Chile;2011;16090.9111127051
Industrial;Colombia;2011;15386.966786
Industrial;Costa Rica;2011;1817.9061416621
Industrial;Cuba;2011;3781.01339799086
Industrial;Ecuador;2011;7180.875394051
Industrial;El Salvador;2011;2277.74566237362
Industrial;Guatemala;2011;3147.514525500323
Industrial;Haiti;2011;82.7529538002981
Industrial;Honduras;2011;1590.30019367334
Industrial;México;2011;141005.517675302
Industrial;Nicaragua;2011;817.2
Industrial;Panamá;2011;660.000212899632
Industrial;Paraguay;2011;1709.46
Industrial;Perú;2011;9843.45311501052
Industrial;República Dominicana;2011;4871.69029923797
Industrial;Uruguay;2011;2525.9310924
Industrial;Venezuela;2011;33973.6560570433
Industrial;Argentina;2012;50530.1455862745
Industrial;Bolivia;2012;1790.031496867108
Industrial;Brasil;2012;155373.3374124178
Industrial;Chile;2012;17879.9978953694
Industrial;Colombia;2012;15088.465275
Industrial;Costa Rica;2012;1882.03893396245
Industrial;Cuba;2012;3853.6
Industrial;Ecuador;2012;7993.38265295299
Industrial;El Salvador;2012;1742.29516019027
Industrial;Guatemala;2012;3240.397030342156
Industrial;Haiti;2012;163.6
Industrial;Honduras;2012;1627.141093
Industrial;México;2012;146210.337219516
Industrial;Nicaragua;2012;924.1
Industrial;Panamá;2012;695.400224318794
Industrial;Paraguay;2012;1805.79
Industrial;Perú;2012;10163.4042375293
Industrial;República Dominicana;2012;5125.10666924815
Industrial;Uruguay;2012;2477.087121
Industrial;Venezuela;2012;33026.6694993699
Industrial;Argentina;2013;48919.329
Industrial;Bolivia;2013;1882.356641361956
Industrial;Brasil;2013;152729.1915734191
Industrial;Chile;2013;18396.1509603566
Industrial;Colombia;2013;15222.560586
Industrial;Costa Rica;2013;1897.38028093691
Industrial;Cuba;2013;3856.7
Industrial;Ecuador;2013;8031.35893012699
Industrial;El Salvador;2013;2140.23076855639
Industrial;Guatemala;2013;3093.318269851517
Industrial;Haiti;2013;88.64
Industrial;Honduras;2013;1683.29567462879
Industrial;México;2013;147482.602123417
Industrial;Nicaragua;2013;927.5
Industrial;Panamá;2013;705.500227576804
Industrial;Paraguay;2013;1931.21
Industrial;Perú;2013;11242.0903199624
Industrial;República Dominicana;2013;5487.29493416418
Industrial;Uruguay;2013;2628.270842
Industrial;Venezuela;2013;32671.9321824417
Industrial;Argentina;2014;51387.4259209095
Industrial;Bolivia;2014;2016.333298193023
Industrial;Brasil;2014;149542.5458689217
Industrial;Chile;2014;16824.9848022
Industrial;Colombia;2014;15812.119322
Industrial;Costa Rica;2014;1858.16159191302
Industrial;Cuba;2014;3678.8
Industrial;Ecuador;2014;8419.031466797
Industrial;El Salvador;2014;2071.298660686
Industrial;Guatemala;2014;3328.986442866365
Industrial;Haiti;2014;92.7
Industrial;Honduras;2014;1837.00774693351
Industrial;México;2014;147620.727338039
Industrial;Nicaragua;2014;995.0
Industrial;Panamá;2014;689.200222318828
Industrial;Paraguay;2014;2019.93
Industrial;Perú;2014;11403.1682453398
Industrial;República Dominicana;2014;4518.09257470609
Industrial;Uruguay;2014;2906.2162983
Industrial;Venezuela;2014;18364.2
Industrial;Argentina;2015;50418.6046511628
Industrial;Bolivia;2015;2111.877245657268
Industrial;Brasil;2015;140360.4609506479
Industrial;Chile;2015;17234.3440261096
Industrial;Colombia;2015;16104.9843156011
Industrial;Costa Rica;2015;1872.89575426787
Industrial;Cuba;2015;3792.4579
Industrial;Ecuador;2015;8579.520961523
Industrial;El Salvador;2015;1972.62568369412
Industrial;Guatemala;2015;3546.965784377017
Industrial;Haiti;2015;92.9771608820598
Industrial;Honduras;2015;2112.016363912
Industrial;México;2015;150086.280301779
Industrial;Nicaragua;2015;990.5
Industrial;Panamá;2015;669.300215899582
Industrial;Paraguay;2015;2116.996543
Industrial;Perú;2015;12693.0268256934
Industrial;República Dominicana;2015;5028.64717221202
Industrial;Uruguay;2015;3250.4500015
Industrial;Venezuela;2015;17064.05
Industrial;Argentina;2016;51437.2733051767
Industrial;Bolivia;2016;2133.838897329301
Industrial;Brasil;2016;141499.1752543774
Industrial;Chile;2016;19733.1756956359
Industrial;Colombia;2016;15460.848664771
Industrial;Costa Rica;2016;1980.63715286381
Industrial;Cuba;2016;3685.3
Industrial;Ecuador;2016;8918.978656573
Industrial;El Salvador;2016;1987.6350942788
Industrial;Guatemala;2016;3620.610071013557
Industrial;Haiti;2016;94.3159463164937
Industrial;Honduras;2016;1680.81097482247
Industrial;México;2016;156042.393453868
Industrial;Nicaragua;2016;1062.0
Industrial;Panamá;2016;647.300208802927
Industrial;Paraguay;2016;2175.15
Industrial;Perú;2016;11594.5079252561
Industrial;República Dominicana;2016;5292.09121296617
Industrial;Uruguay;2016;3530.7213612
Industrial;Venezuela;2016;15336.46
Industrial;Argentina;2017;50373.56
Industrial;Bolivia;2017;2151.6068723419
Industrial;Brasil;2017;144738.9882383848
Industrial;Chile;2017;16037.749071446
Industrial;Colombia;2017;15556.3524832994
Industrial;Costa Rica;2017;2038.92612149182
Industrial;Cuba;2017;2963.7
Industrial;Ecuador;2017;9469.43741870999
Industrial;El Salvador;2017;2057.12310624491
Industrial;Guatemala;2017;3575.177533892834
Industrial;Haiti;2017;95.4235828925411
Industrial;Honduras;2017;1848.39578125
Industrial;México;2017;157511.551568348
Industrial;Nicaragua;2017;1092.3
Industrial;Panamá;2017;650.700209899683
Industrial;Paraguay;2017;2347.95
Industrial;Perú;2017;11543.9745805533
Industrial;República Dominicana;2017;5610.07979195071
Industrial;Uruguay;2017;3522.5806993
Industrial;Venezuela;2017;16537.4
Industrial;Argentina;2018;50751.100786658
Industrial;Bolivia;2018;2070.753363407492
Industrial;Brasil;2018;142702.8954097518
Industrial;Chile;2018;17663.7062485872
Industrial;Colombia;2018;15473.3830311971
Industrial;Costa Rica;2018;1952.72248981376
Industrial;Cuba;2018;2962.2
Industrial;Ecuador;2018;9998.36405697301
Industrial;El Salvador;2018;2147.45752180087
Industrial;Guatemala;2018;3695.448676565526
Industrial;Haiti;2018;96.8395572505697
Industrial;Honduras;2018;2064.40968694096
Industrial;México;2018;168497.3667894
Industrial;Nicaragua;2018;1077.1
Industrial;Panamá;2018;617.099816742469
Industrial;Paraguay;2018;2435.57594401289
Industrial;Perú;2018;11982.5423396267
Industrial;República Dominicana;2018;5792.783798082833
Industrial;Uruguay;2018;3701.6752611
Industrial;Venezuela;2018;11510.20743788178
Industrial;Argentina;2019;49888.40507491094
Industrial;Bolivia;2019;2153.826460449488
Industrial;Brasil;2019;139173.5946971748
Industrial;Chile;2019;17445.9347329898
Industrial;Colombia;2019;18102.9299034343
Industrial;Costa Rica;2019;1934.91281641112
Industrial;Cuba;2019;2930.099908
Industrial;Ecuador;2019;10390.00220287
Industrial;El Salvador;2019;2234.45651278244
Industrial;Guatemala;2019;4016.759595923238
Industrial;Haiti;2019;98.2765430118785
Industrial;Honduras;2019;2292.64377501311
Industrial;México;2019;170704.306781
Industrial;Nicaragua;2019;1092.1
Industrial;Panamá;2019;605.249820261512
Industrial;Paraguay;2019;2390.91934419445
Industrial;Perú;2019;12587.6909149867
Industrial;República Dominicana;2019;6233.725516027373
Industrial;Uruguay;2019;3622.5945455
Industrial;Venezuela;2019;8112.798806624779
Industrial;Argentina;2020;50635.95737606919
Industrial;Bolivia;2020;1855.762424094911
Industrial;Brasil;2020;142204.3651956321
Industrial;Chile;2020;16724.7280064283
Industrial;Colombia;2020;16528.9245541
Industrial;Costa Rica;2020;1892.24260933314
Industrial;Cuba;2020;2513.46559
Industrial;Ecuador;2020;10150.925258524
Industrial;El Salvador;2020;1899.78831172667
Industrial;Guatemala;2020;3596.794939786423
Industrial;Haiti;2020;95.0334170924861
Industrial;Honduras;2020;2082.75237698
Industrial;México;2020;175268.2809198
Industrial;Nicaragua;2020;1041.5
Industrial;Panamá;2020;448.599866781189
Industrial;Paraguay;2020;2607.85092745438
Industrial;Perú;2020;11625.6108329609
Industrial;República Dominicana;2020;6259.835599600974
Industrial;Uruguay;2020;3559.7951537
Industrial;Venezuela;2020;7973.428536524719
Industrial;Argentina;2021;46856.2180173526
Industrial;Bolivia;2021;2197.838853695771
Industrial;Brasil;2021;150933.2525136635
Industrial;Chile;2021;17569.7850346017
Industrial;Colombia;2021;20067.3164606026
Industrial;Costa Rica;2021;1756.42745543136
Industrial;Cuba;2021;1993.10418
Industrial;Ecuador;2021;11388.191894225
Industrial;El Salvador;2021;1884.0
Industrial;Guatemala;2021;4494.67972376417
Industrial;Haiti;2021;86.5352272450047
Industrial;Honduras;2021;2590.3935587628
Industrial;México;2021;105660.7264996
Industrial;Nicaragua;2021;1194.7
Industrial;Panamá;2021;577.299828561704
Industrial;Paraguay;2021;2680.04
Industrial;Perú;2021;12425.4375874701
Industrial;República Dominicana;2021;6790.616093227013
Industrial;Uruguay;2021;3648.1794829
Industrial;Venezuela;2021;7829.196455434134
Residencial;Argentina;2000;21492.272
Residencial;Bolivia;2000;1389.512344821247
Residencial;Brasil;2000;83613.0
Residencial;Chile;2000;6181.39534883721
Residencial;Colombia;2000;14486.7441860465
Residencial;Costa Rica;2000;2508.16
Residencial;Cuba;2000;4246.1
Residencial;Ecuador;2000;2803.32
Residencial;El Salvador;2000;879.304465677381
Residencial;Guatemala;2000;1386.4
Residencial;Haiti;2000;116.295181274414
Residencial;Honduras;2000;1339.63842773438
Residencial;México;2000;36128.0555555556
Residencial;Nicaragua;2000;448.200012207031
Residencial;Panamá;2000;1118.09267829313
Residencial;Paraguay;2000;1993.007637518
Residencial;Perú;2000;4889.27846390698
Residencial;República Dominicana;2000;3744.52363789449
Residencial;Uruguay;2000;2894.5867813
Residencial;Venezuela;2000;15242.5
Residencial;Argentina;2001;22098.948293
Residencial;Bolivia;2001;1400.61
Residencial;Brasil;2001;73770.0
Residencial;Chile;2001;6906.97674418605
Residencial;Colombia;2001;14470.0
Residencial;Costa Rica;2001;2610.25
Residencial;Cuba;2001;4486.7
Residencial;Ecuador;2001;2915.74
Residencial;El Salvador;2001;1335.54
Residencial;Guatemala;2001;1594.673983214977
Residencial;Haiti;2001;116.3
Residencial;Honduras;2001;1428.95422363281
Residencial;México;2001;38343.8888888889
Residencial;Nicaragua;2001;451.848876953125
Residencial;Panamá;2001;1162.05008433841
Residencial;Paraguay;2001;2015.79858067094
Residencial;Perú;2001;5033.89674171383
Residencial;República Dominicana;2001;3875.33059400823
Residencial;Uruguay;2001;2891.0979262
Residencial;Venezuela;2001;16028.5
Residencial;Argentina;2002;21241.706
Residencial;Bolivia;2002;1446.516576371454
Residencial;Brasil;2002;72752.0
Residencial;Chile;2002;7161.62790697674
Residencial;Colombia;2002;14402.7
Residencial;Costa Rica;2002;2720.76
Residencial;Cuba;2002;4892.9
Residencial;Ecuador;2002;3098.3
Residencial;El Salvador;2002;1472.7718592091
Residencial;Guatemala;2002;1745.62621045836
Residencial;Haiti;2002;96.0
Residencial;Honduras;2002;1497.09484863281
Residencial;México;2002;39031.94
Residencial;Nicaragua;2002;480.2
Residencial;Panamá;2002;1284.23695696783
Residencial;Paraguay;2002;1942.9660505282
Residencial;Perú;2002;5209.87120579294
Residencial;República Dominicana;2002;4173.17508964458
Residencial;Uruguay;2002;2796.8988385
Residencial;Venezuela;2002;15571.05859375
Residencial;Argentina;2003;21572.82
Residencial;Bolivia;2003;1487.14743202383
Residencial;Brasil;2003;76143.0
Residencial;Chile;2003;7339.53488372093
Residencial;Colombia;2003;15162.315
Residencial;Costa Rica;2003;2855.27
Residencial;Cuba;2003;5123.0
Residencial;Ecuador;2003;3269.645
Residencial;El Salvador;2003;1503.21956903089
Residencial;Guatemala;2003;1840.83279535184
Residencial;Haiti;2003;108.0
Residencial;Honduras;2003;1539.606
Residencial;México;2003;41223.3756592354
Residencial;Nicaragua;2003;531.7
Residencial;Panamá;2003;1365.4635474045
Residencial;Paraguay;2003;1804.14659611368
Residencial;Perú;2003;5316.24300393962
Residencial;República Dominicana;2003;4290.13312757386
Residencial;Uruguay;2003;2609.6636148
Residencial;Venezuela;2003;15291.88
Residencial;Argentina;2004;22505.637
Residencial;Bolivia;2004;1549.663539976528
Residencial;Brasil;2004;78577.0
Residencial;Chile;2004;7833.89100015023
Residencial;Colombia;2004;15792.0
Residencial;Costa Rica;2004;2954.07463323778
Residencial;Cuba;2004;5010.0
Residencial;Ecuador;2004;3515.636
Residencial;El Salvador;2004;1530.0476079583
Residencial;Guatemala;2004;1959.602969657844
Residencial;Haiti;2004;104.65
Residencial;Honduras;2004;1583.75
Residencial;México;2004;42031.7260066126
Residencial;Nicaragua;2004;571.6
Residencial;Panamá;2004;1463.42046677507
Residencial;Paraguay;2004;1839.63
Residencial;Perú;2004;5534.90054092656
Residencial;República Dominicana;2004;3771.02059059358
Residencial;Uruguay;2004;2624.7819869
Residencial;Venezuela;2004;16514.2
Residencial;Argentina;2005;24383.345
Residencial;Bolivia;2005;1645.967771987792
Residencial;Brasil;2005;83193.0
Residencial;Chile;2005;8284.09611673762
Residencial;Colombia;2005;16254.2865618511
Residencial;Costa Rica;2005;3058.81
Residencial;Cuba;2005;4939.05620973923
Residencial;Ecuador;2005;3702.236
Residencial;El Salvador;2005;1500.47303689688
Residencial;Guatemala;2005;2107.020658489348
Residencial;Haiti;2005;106.5337
Residencial;Honduras;2005;1678.19561007101
Residencial;México;2005;49058.8066839027
Residencial;Nicaragua;2005;620.0
Residencial;Panamá;2005;1518.01211007316
Residencial;Paraguay;2005;1937.66
Residencial;Perú;2005;5694.2544437406
Residencial;República Dominicana;2005;4020.53571260795
Residencial;Uruguay;2005;2693.3961372
Residencial;Venezuela;2005;18736.58
Residencial;Argentina;2006;26515.347
Residencial;Bolivia;2006;1744.359847523397
Residencial;Brasil;2006;85810.0
Residencial;Chile;2006;8545.71614990377
Residencial;Colombia;2006;16844.7783536588
Residencial;Costa Rica;2006;3184.8
Residencial;Cuba;2006;5430.98481268712
Residencial;Ecuador;2006;3896.086555148
Residencial;El Salvador;2006;1586.29512134
Residencial;Guatemala;2006;2272.998708844415
Residencial;Haiti;2006;109.19325
Residencial;Honduras;2006;1807.10135571336
Residencial;México;2006;50837.2989994188
Residencial;Nicaragua;2006;665.7
Residencial;Panamá;2006;1546.03019528928
Residencial;Paraguay;2006;2096.99
Residencial;Perú;2006;5953.80051146338
Residencial;República Dominicana;2006;4317.07470405695
Residencial;Uruguay;2006;3051.5852608
Residencial;Venezuela;2006;20542.07
Residencial;Argentina;2007;29786.16006391
Residencial;Bolivia;2007;1833.065008881291
Residencial;Brasil;2007;90881.333
Residencial;Chile;2007;8902.02342113554
Residencial;Colombia;2007;17701.979912819
Residencial;Costa Rica;2007;3286.51
Residencial;Cuba;2007;5955.47606547553
Residencial;Ecuador;2007;4095.187139331
Residencial;El Salvador;2007;1624.40764101
Residencial;Guatemala;2007;2332.472562943835
Residencial;Haiti;2007;186.734730521296
Residencial;Honduras;2007;2062.79857972886
Residencial;México;2007;52254.2811935534
Residencial;Nicaragua;2007;686.0
Residencial;Panamá;2007;1596.24847411629
Residencial;Paraguay;2007;2300.75
Residencial;Perú;2007;6397.03343269364
Residencial;República Dominicana;2007;4382.62612609532
Residencial;Uruguay;2007;3301.6198763
Residencial;Venezuela;2007;21363.76
Residencial;Argentina;2008;31361.480920366
Residencial;Bolivia;2008;1876.316424880003
Residencial;Brasil;2008;95584.997737
Residencial;Chile;2008;8748.95346553048
Residencial;Colombia;2008;18718.8298051088
Residencial;Costa Rica;2008;3347.68
Residencial;Cuba;2008;5875.23239265424
Residencial;Ecuador;2008;4384.857317488
Residencial;El Salvador;2008;1645.24742248234
Residencial;Guatemala;2008;2776.500968366688
Residencial;Haiti;2008;186.73
Residencial;Honduras;2008;2128.71207230471
Residencial;México;2008;53971.1506662895
Residencial;Nicaragua;2008;734.7
Residencial;Panamá;2008;1647.19226794747
Residencial;Paraguay;2008;2472.88
Residencial;Perú;2008;6896.45770814659
Residencial;República Dominicana;2008;4498.2173414547
Residencial;Uruguay;2008;3235.3316294
Residencial;Venezuela;2008;23515.14
Residencial;Argentina;2009;32322.955245
Residencial;Bolivia;2009;1963.107967284
Residencial;Brasil;2009;100638.0
Residencial;Chile;2009;8901.45707583586
Residencial;Colombia;2009;19160.7517464853
Residencial;Costa Rica;2009;3315.54007508108
Residencial;Cuba;2009;6419.6
Residencial;Ecuador;2009;4672.281960567
Residencial;El Salvador;2009;1634.39256595516
Residencial;Guatemala;2009;2778.195610071013
Residencial;Haiti;2009;121.1
Residencial;Honduras;2009;2145.90058102001
Residencial;México;2009;55843.7677083692
Residencial;Nicaragua;2009;781.3
Residencial;Panamá;2009;1823.27366754875
Residencial;Paraguay;2009;2691.46
Residencial;Perú;2009;7284.52775673219
Residencial;República Dominicana;2009;4353.29542518511
Residencial;Uruguay;2009;3372.55993
Residencial;Venezuela;2009;25691.45
Residencial;Argentina;2010;34156.7196831871
Residencial;Bolivia;2010;2150.484637640001
Residencial;Brasil;2010;107214.67
Residencial;Chile;2010;9358.36422396532
Residencial;Colombia;2010;19568.2291190975
Residencial;Costa Rica;2010;3356.351
Residencial;Cuba;2010;6636.3
Residencial;Ecuador;2010;5114.18426914
Residencial;El Salvador;2010;1615.99826052
Residencial;Guatemala;2010;2470.529373789541
Residencial;Haiti;2010;99.81
Residencial;Honduras;2010;2171.885087153
Residencial;México;2010;55547.8967055839
Residencial;Nicaragua;2010;847.0
Residencial;Panamá;2010;2002.30064589232
Residencial;Paraguay;2010;2848.56
Residencial;Perú;2010;7608.34918296723
Residencial;República Dominicana;2010;4592.06316301781
Residencial;Uruguay;2010;3494.6698585
Residencial;Venezuela;2010;27420.98
Residencial;Argentina;2011;36135.0170569725
Residencial;Bolivia;2011;2324.176390803228
Residencial;Brasil;2011;111970.666
Residencial;Chile;2011;9548.885662
Residencial;Colombia;2011;19750.665496932
Residencial;Costa Rica;2011;3385.527
Residencial;Cuba;2011;6877.6
Residencial;Ecuador;2011;5350.948863183
Residencial;El Salvador;2011;1656.398217033
Residencial;Guatemala;2011;2546.207230471272
Residencial;Haiti;2011;84.6400566318927
Residencial;Honduras;2011;2167.52743705617
Residencial;México;2011;58764.7439120647
Residencial;Nicaragua;2011;913.4
Residencial;Panamá;2011;2110.90068092399
Residencial;Paraguay;2011;3204.97
Residencial;Perú;2011;8453.64767203481
Residencial;República Dominicana;2011;4725.94371002778
Residencial;Uruguay;2011;3700.5123094
Residencial;Venezuela;2011;28540.76
Residencial;Argentina;2012;37563.9143248439
Residencial;Bolivia;2012;2447.29607268895
Residencial;Brasil;2012;117645.84953
Residencial;Chile;2012;10152.288158
Residencial;Colombia;2012;20093.897769
Residencial;Costa Rica;2012;3473.634
Residencial;Cuba;2012;7322.6
Residencial;Ecuador;2012;5628.670860363
Residencial;El Salvador;2012;1733.27005719611
Residencial;Guatemala;2012;2905.455132343447
Residencial;Haiti;2012;136.3
Residencial;Honduras;2012;2155.6533
Residencial;México;2012;59474.7764290597
Residencial;Nicaragua;2012;986.3
Residencial;Panamá;2012;2277.10073453599
Residencial;Paraguay;2012;3561.09
Residencial;Perú;2012;8728.42462585818
Residencial;República Dominicana;2012;5078.90371649611
Residencial;Uruguay;2012;3857.5107889
Residencial;Venezuela;2012;31677.55
Residencial;Argentina;2013;40088.639
Residencial;Bolivia;2013;2600.863971143393
Residencial;Brasil;2013;124895.52724
Residencial;Chile;2013;10867.7065725
Residencial;Colombia;2013;20882.321449
Residencial;Costa Rica;2013;3466.36
Residencial;Cuba;2013;7736.2
Residencial;Ecuador;2013;5881.393586464
Residencial;El Salvador;2013;1673.82723223981
Residencial;Guatemala;2013;3215.83279535184
Residencial;Haiti;2013;239.1
Residencial;Honduras;2013;2217.57585539057
Residencial;México;2013;60307.632091643
Residencial;Nicaragua;2013;1035.8
Residencial;Panamá;2013;2411.30077782558
Residencial;Paraguay;2013;3918.52
Residencial;Perú;2013;8760.46472489005
Residencial;República Dominicana;2013;4948.41196062151
Residencial;Uruguay;2013;3959.8505385
Residencial;Venezuela;2013;34363.89
Residencial;Argentina;2014;43875.622934875
Residencial;Bolivia;2014;2805.666122935244
Residencial;Brasil;2014;132301.85
Residencial;Chile;2014;11372.480019
Residencial;Colombia;2014;21766.156491
Residencial;Costa Rica;2014;3515.108
Residencial;Cuba;2014;8005.7
Residencial;Ecuador;2014;6364.000961558
Residencial;El Salvador;2014;1744.14910034952
Residencial;Guatemala;2014;3334.3770174306
Residencial;Haiti;2014;189.18
Residencial;Honduras;2014;3075.71013557134
Residencial;México;2014;65208.7978243959
Residencial;Nicaragua;2014;1069.6
Residencial;Panamá;2014;2561.30082621186
Residencial;Paraguay;2014;4323.38
Residencial;Perú;2014;8923.12600309364
Residencial;República Dominicana;2014;5272.89850015193
Residencial;Uruguay;2014;4027.3017371
Residencial;Venezuela;2014;35392.86
Residencial;Argentina;2015;47058.1395348837
Residencial;Bolivia;2015;2991.575386502523
Residencial;Brasil;2015;131197.5420065394
Residencial;Chile;2015;11755.030977163
Residencial;Colombia;2015;22161.6542766667
Residencial;Costa Rica;2015;3608.967
Residencial;Cuba;2015;8468.3
Residencial;Ecuador;2015;6927.706602879
Residencial;El Salvador;2015;1826.70085856527
Residencial;Guatemala;2015;3402.485474499677
Residencial;Haiti;2015;189.74562346999
Residencial;Honduras;2015;3026.78167923375
Residencial;México;2015;69204.4861639606
Residencial;Nicaragua;2015;1125.6
Residencial;Panamá;2015;2730.90088092062
Residencial;Paraguay;2015;4542.49368429557
Residencial;Perú;2015;9207.13956311932
Residencial;República Dominicana;2015;5382.59143785818
Residencial;Uruguay;2015;4151.737569
Residencial;Venezuela;2015;32134.28
Residencial;Argentina;2016;44779.3392021952
Residencial;Bolivia;2016;3157.035651780062
Residencial;Brasil;2016;132894.6885302513
Residencial;Chile;2016;12079.180976
Residencial;Colombia;2016;22689.518243
Residencial;Costa Rica;2016;3719.651
Residencial;Cuba;2016;8809.1
Residencial;Ecuador;2016;7104.846536734
Residencial;El Salvador;2016;1900.91405534508
Residencial;Guatemala;2016;3332.956746287927
Residencial;Haiti;2016;192.477785589582
Residencial;Honduras;2016;3130.75549255657
Residencial;México;2016;72435.1725309224
Residencial;Nicaragua;2016;1205.6
Residencial;Panamá;2016;2795.10090162994
Residencial;Paraguay;2016;4793.85
Residencial;Perú;2016;9406.1705081666
Residencial;República Dominicana;2016;5494.4054517317
Residencial;Uruguay;2016;4441.3125423
Residencial;Venezuela;2016;35777.68
Residencial;Argentina;2017;44769.773
Residencial;Bolivia;2017;3225.542158470067
Residencial;Brasil;2017;134439.6163985223
Residencial;Chile;2017;12573.19681609
Residencial;Colombia;2017;23180.29231
Residencial;Costa Rica;2017;3777.17931903077
Residencial;Cuba;2017;8895.5
Residencial;Ecuador;2017;7298.00109105799
Residencial;El Salvador;2017;1878.95584356379
Residencial;Guatemala;2017;3389.670755326016
Residencial;Haiti;2017;194.738224504972
Residencial;Honduras;2017;2472.2
Residencial;México;2017;71003.4294774122
Residencial;Nicaragua;2017;1239.8
Residencial;Panamá;2017;2878.90092866174
Residencial;Paraguay;2017;4920.27
Residencial;Perú;2017;9652.22193313719
Residencial;República Dominicana;2017;5069.24255958305
Residencial;Uruguay;2017;4249.4255118
Residencial;Venezuela;2017;34424.33
Residencial;Argentina;2018;44465.257234944
Residencial;Bolivia;2018;3319.830052100083
Residencial;Brasil;2018;137810.1872934338
Residencial;Chile;2018;13424.92056543
Residencial;Colombia;2018;24690.19869107
Residencial;Costa Rica;2018;3845.434
Residencial;Cuba;2018;9012.6
Residencial;Ecuador;2018;7400.308658615
Residencial;El Salvador;2018;1916.75732207336
Residencial;Guatemala;2018;3671.142672692059
Residencial;Haiti;2018;197.62791198126
Residencial;Honduras;2018;2470.1266664569
Residencial;México;2018;75955.675550446
Residencial;Nicaragua;2018;1248.2
Residencial;Panamá;2018;2866.49914874783
Residencial;Paraguay;2018;5374.06214182752
Residencial;Perú;2018;9942.60676694918
Residencial;República Dominicana;2018;5234.333067746613
Residencial;Uruguay;2018;4356.4170682
Residencial;Venezuela;2018;36717.950773
Residencial;Argentina;2019;43175.76477513062
Residencial;Bolivia;2019;3402.3974164
Residencial;Brasil;2019;143053.28456831
Residencial;Chile;2019;13584.2959485032
Residencial;Colombia;2019;24794.5428823
Residencial;Costa Rica;2019;3914.92590962
Residencial;Cuba;2019;9256.94
Residencial;Ecuador;2019;7656.289238408
Residencial;El Salvador;2019;1976.79496441208
Residencial;Guatemala;2019;3746.568331076679
Residencial;Haiti;2019;200.560479039776
Residencial;Honduras;2019;2645.007066748
Residencial;México;2019;78559.920330962
Residencial;Nicaragua;2019;1255.3
Residencial;Panamá;2019;3057.22909210756
Residencial;Paraguay;2019;5533.93459026717
Residencial;Perú;2019;10253.3820384138
Residencial;República Dominicana;2019;5632.76599665205
Residencial;Uruguay;2019;4388.9797158
Residencial;Venezuela;2019;35268.644369
Residencial;Argentina;2020;41500.17416149621
Residencial;Bolivia;2020;3643.882180190054
Residencial;Brasil;2020;148844.7182722755
Residencial;Chile;2020;14663.457245
Residencial;Colombia;2020;24357.7200662
Residencial;Costa Rica;2020;4087.65245925
Residencial;Cuba;2020;9428.0
Residencial;Ecuador;2020;8063.215769779
Residencial;El Salvador;2020;2090.31256524
Residencial;Guatemala;2020;3813.375632156781
Residencial;Haiti;2020;193.941983231463
Residencial;Honduras;2020;2698.412438014
Residencial;México;2020;72286.45714552
Residencial;Nicaragua;2020;1257.6
Residencial;Panamá;2020;3273.39902791249
Residencial;Paraguay;2020;6403.29480081419
Residencial;Perú;2020;9469.71371519382
Residencial;República Dominicana;2020;5656.358949300509
Residencial;Uruguay;2020;4547.141147
Residencial;Venezuela;2020;34662.7621563465
Residencial;Argentina;2021;47952.04334378723
Residencial;Bolivia;2021;3637.483609910068
Residencial;Brasil;2021;151130.0276817287
Residencial;Chile;2021;14959.8434919188
Residencial;Colombia;2021;24210.0
Residencial;Costa Rica;2021;3983.72195734347
Residencial;Cuba;2021;8515.709
Residencial;Ecuador;2021;7959.115707185
Residencial;El Salvador;2021;2245.0
Residencial;Guatemala;2021;4260.360780596149
Residencial;Haiti;2021;176.599075406797
Residencial;Honduras;2021;3028.551532656
Residencial;México;2021;66495.268718192
Residencial;Nicaragua;2021;1284.5
Residencial;Panamá;2021;3332.49901036182
Residencial;Paraguay;2021;6175.02
Residencial;Perú;2021;10589.0893124905
Residencial;República Dominicana;2021;6135.96978691215
Residencial;Uruguay;2021;4522.7191613
Residencial;Venezuela;2021;34035.74426821266
Comercial, servicios, público;Argentina;2000;17771.33
Comercial, servicios, público;Bolivia;2000;779.5784330432248
Comercial, servicios, público;Brasil;2000;76710.0
Comercial, servicios, público;Chile;2000;4510.46511627907
Comercial, servicios, público;Colombia;2000;9102.0
Comercial, servicios, público;Costa Rica;2000;1578.33
Comercial, servicios, público;Cuba;2000;345.2
Comercial, servicios, público;Ecuador;2000;1982.250024449
Comercial, servicios, público;El Salvador;2000;314.907322830833
Comercial, servicios, público;Guatemala;2000;1393.7
Comercial, servicios, público;Haiti;2000;69.7771072387695
Comercial, servicios, público;Honduras;2000;988.137512207031
Comercial, servicios, público;México;2000;17564.1666666667
Comercial, servicios, público;Nicaragua;2000;625.400024414063
Comercial, servicios, público;Panamá;2000;2176.61464660199
Comercial, servicios, público;Paraguay;2000;880.512362481997
Comercial, servicios, público;Perú;2000;2026.60158783721
Comercial, servicios, público;República Dominicana;2000;1974.27608472322
Comercial, servicios, público;Uruguay;2000;1730.4721296
Comercial, servicios, público;Venezuela;2000;17705.400390625
Comercial, servicios, público;Argentina;2001;19124.87
Comercial, servicios, público;Bolivia;2001;790.562008277715
Comercial, servicios, público;Brasil;2001;71804.0
Comercial, servicios, público;Chile;2001;5036.04651162791
Comercial, servicios, público;Colombia;2001;7794.0
Comercial, servicios, público;Costa Rica;2001;1927.64
Comercial, servicios, público;Cuba;2001;385.3
Comercial, servicios, público;Ecuador;2001;2066.50571808
Comercial, servicios, público;El Salvador;2001;478.3
Comercial, servicios, público;Guatemala;2001;1448.240800516462
Comercial, servicios, público;Haiti;2001;69.78
Comercial, servicios, público;Honduras;2001;1003.72821044922
Comercial, servicios, público;México;2001;18140.0
Comercial, servicios, público;Nicaragua;2001;661.252746582031
Comercial, servicios, público;Panamá;2001;2198.41904356453
Comercial, servicios, público;Paraguay;2001;890.581419329056
Comercial, servicios, público;Perú;2001;2329.79513847155
Comercial, servicios, público;República Dominicana;2001;2274.02775065137
Comercial, servicios, público;Uruguay;2001;1766.5236323
Comercial, servicios, público;Venezuela;2001;9713.0
Comercial, servicios, público;Argentina;2002;18560.749
Comercial, servicios, público;Bolivia;2002;833.9119747534522
Comercial, servicios, público;Brasil;2002;73465.0
Comercial, servicios, público;Chile;2002;5308.13953488372
Comercial, servicios, público;Colombia;2002;8188.0
Comercial, servicios, público;Costa Rica;2002;1608.38
Comercial, servicios, público;Cuba;2002;377.4
Comercial, servicios, público;Ecuador;2002;2160.202762285
Comercial, servicios, público;El Salvador;2002;527.447160144743
Comercial, servicios, público;Guatemala;2002;1505.438992898644
Comercial, servicios, público;Haiti;2002;22.0
Comercial, servicios, público;Honduras;2002;1066.20397949219
Comercial, servicios, público;México;2002;18603.89
Comercial, servicios, público;Nicaragua;2002;666.7
Comercial, servicios, público;Panamá;2002;2435.23910104135
Comercial, servicios, público;Paraguay;2002;858.403949471795
Comercial, servicios, público;Perú;2002;2674.85264846468
Comercial, servicios, público;República Dominicana;2002;2277.19281814641
Comercial, servicios, público;Uruguay;2002;1730.4721296
Comercial, servicios, público;Venezuela;2002;9435.7685546875
Comercial, servicios, público;Argentina;2003;19551.289
Comercial, servicios, público;Bolivia;2003;852.3153484691711
Comercial, servicios, público;Brasil;2003;78082.0
Comercial, servicios, público;Chile;2003;5815.11627906977
Comercial, servicios, público;Colombia;2003;8422.365
Comercial, servicios, público;Costa Rica;2003;1775.9
Comercial, servicios, público;Cuba;2003;398.9
Comercial, servicios, público;Ecuador;2003;2480.086092613
Comercial, servicios, público;El Salvador;2003;538.354641496456
Comercial, servicios, público;Guatemala;2003;1526.500968366688
Comercial, servicios, público;Haiti;2003;25.0
Comercial, servicios, público;Honduras;2003;1192.705
Comercial, servicios, público;México;2003;11778.1073312101
Comercial, servicios, público;Nicaragua;2003;648.2
Comercial, servicios, público;Panamá;2003;2643.07092708854
Comercial, servicios, público;Paraguay;2003;797.073403886321
Comercial, servicios, público;Perú;2003;3011.43060331194
Comercial, servicios, público;República Dominicana;2003;1980.07150057846
Comercial, servicios, público;Uruguay;2003;1720.0055643
Comercial, servicios, público;Venezuela;2003;9315.74
Comercial, servicios, público;Argentina;2004;20693.451
Comercial, servicios, público;Bolivia;2004;873.000106088741
Comercial, servicios, público;Brasil;2004;80174.0
Comercial, servicios, público;Chile;2004;6678.14396814898
Comercial, servicios, público;Colombia;2004;9073.0
Comercial, servicios, público;Costa Rica;2004;2101.0397207983
Comercial, servicios, público;Cuba;2004;390.4
Comercial, servicios, público;Ecuador;2004;2515.100820892
Comercial, servicios, público;El Salvador;2004;547.960406068298
Comercial, servicios, público;Guatemala;2004;1552.146546158812
Comercial, servicios, público;Haiti;2004;69.77
Comercial, servicios, público;Honduras;2004;1223.89
Comercial, servicios, público;México;2004;12009.0645733179
Comercial, servicios, público;Nicaragua;2004;719.3
Comercial, servicios, público;Panamá;2004;2826.41882724169
Comercial, servicios, público;Paraguay;2004;812.75
Comercial, servicios, público;Perú;2004;3443.35638154453
Comercial, servicios, público;República Dominicana;2004;1527.36878068033
Comercial, servicios, público;Uruguay;2004;1801.4121833
Comercial, servicios, público;Venezuela;2004;18235.8
Comercial, servicios, público;Argentina;2005;22561.192
Comercial, servicios, público;Bolivia;2005;930.2807364598812
Comercial, servicios, público;Brasil;2005;86222.59016449691
Comercial, servicios, público;Chile;2005;7083.76284941093
Comercial, servicios, público;Colombia;2005;9178.74025434487
Comercial, servicios, público;Costa Rica;2005;2250.17
Comercial, servicios, público;Cuba;2005;366.329810705876
Comercial, servicios, público;Ecuador;2005;2681.672863158
Comercial, servicios, público;El Salvador;2005;505.475890831015
Comercial, servicios, público;Guatemala;2005;1619.883795997418
Comercial, servicios, público;Haiti;2005;71.02586
Comercial, servicios, público;Honduras;2005;1283.39251129761
Comercial, servicios, público;México;2005;13040.9486121767
Comercial, servicios, público;Nicaragua;2005;697.2
Comercial, servicios, público;Panamá;2005;2947.25724509526
Comercial, servicios, público;Paraguay;2005;884.05
Comercial, servicios, público;Perú;2005;3875.48295937544
Comercial, servicios, público;República Dominicana;2005;1823.95302008929
Comercial, servicios, público;Uruguay;2005;1844.4413962
Comercial, servicios, público;Venezuela;2005;19916.324865655
Comercial, servicios, público;Argentina;2006;22832.909
Comercial, servicios, público;Bolivia;2006;987.7881891635237
Comercial, servicios, público;Brasil;2006;88271.2
Comercial, servicios, público;Chile;2006;7458.98552768127
Comercial, servicios, público;Colombia;2006;8612.6125489438
Comercial, servicios, público;Costa Rica;2006;2397.83
Comercial, servicios, público;Cuba;2006;380.2852320661
Comercial, servicios, público;Ecuador;2006;2854.688794737
Comercial, servicios, público;El Salvador;2006;531.64
Comercial, servicios, público;Guatemala;2006;1839.186571981924
Comercial, servicios, público;Haiti;2006;72.80575
Comercial, servicios, público;Honduras;2006;1411.89477081988
Comercial, servicios, público;México;2006;13513.7123922506
Comercial, servicios, público;Nicaragua;2006;725.9
Comercial, servicios, público;Panamá;2006;2902.59938691958
Comercial, servicios, público;Paraguay;2006;963.25
Comercial, servicios, público;Perú;2006;4418.39184634881
Comercial, servicios, público;República Dominicana;2006;2031.80919973369
Comercial, servicios, público;Uruguay;2006;2220.0747953
Comercial, servicios, público;Venezuela;2006;20907.4834916912
Comercial, servicios, público;Argentina;2007;25763.42331503
Comercial, servicios, público;Bolivia;2007;1022.647464923455
Comercial, servicios, público;Brasil;2007;92252.75460399999
Comercial, servicios, público;Chile;2007;7473.25581395349
Comercial, servicios, público;Colombia;2007;8722.69372833175
Comercial, servicios, público;Costa Rica;2007;2609.69
Comercial, servicios, público;Cuba;2007;320.974691285149
Comercial, servicios, público;Ecuador;2007;3991.000109723
Comercial, servicios, público;El Salvador;2007;551.82
Comercial, servicios, público;Guatemala;2007;1914.783731439639
Comercial, servicios, público;Haiti;2007;124.518323374444
Comercial, servicios, público;Honduras;2007;1556.69786959329
Comercial, servicios, público;México;2007;13890.3785451218
Comercial, servicios, público;Nicaragua;2007;744.5
Comercial, servicios, público;Panamá;2007;3407.67269398868
Comercial, servicios, público;Paraguay;2007;1050.72
Comercial, servicios, público;Perú;2007;5161.84911177033
Comercial, servicios, público;República Dominicana;2007;2246.97901874877
Comercial, servicios, público;Uruguay;2007;2441.0356183
Comercial, servicios, público;Venezuela;2007;21177.515700998
Comercial, servicios, público;Argentina;2008;26477.6209268
Comercial, servicios, público;Bolivia;2008;1073.58326127
Comercial, servicios, público;Brasil;2008;97048.29351399999
Comercial, servicios, público;Chile;2008;7636.42452010705
Comercial, servicios, público;Colombia;2008;10014.79884524
Comercial, servicios, público;Costa Rica;2008;2772.56
Comercial, servicios, público;Cuba;2008;297.715655684776
Comercial, servicios, público;Ecuador;2008;3972.826323231
Comercial, servicios, público;El Salvador;2008;590.6
Comercial, servicios, público;Guatemala;2008;1809.974176888315
Comercial, servicios, público;Haiti;2008;124.52
Comercial, servicios, público;Honduras;2008;1650.91994835378
Comercial, servicios, público;México;2008;14346.76156952
Comercial, servicios, público;Nicaragua;2008;771.7
Comercial, servicios, público;Panamá;2008;3301.97007739929
Comercial, servicios, público;Paraguay;2008;1136.23
Comercial, servicios, público;Perú;2008;5670.55120001972
Comercial, servicios, público;República Dominicana;2008;2434.51073026168
Comercial, servicios, público;Uruguay;2008;2401.4952605
Comercial, servicios, público;Venezuela;2008;21447.1908557759
Comercial, servicios, público;Argentina;2009;27033.606189822
Comercial, servicios, público;Bolivia;2009;1136.595289759183
Comercial, servicios, público;Brasil;2009;101226.8005734
Comercial, servicios, público;Chile;2009;7958.80896860483
Comercial, servicios, público;Colombia;2009;10732.17423444
Comercial, servicios, público;Costa Rica;2009;2863.42951065352
Comercial, servicios, público;Cuba;2009;254.5
Comercial, servicios, público;Ecuador;2009;4025.40653489
Comercial, servicios, público;El Salvador;2009;591.85
Comercial, servicios, público;Guatemala;2009;1654.067140090381
Comercial, servicios, público;Haiti;2009;96.0
Comercial, servicios, público;Honduras;2009;1652.90510006456
Comercial, servicios, público;México;2009;14844.5458465285
Comercial, servicios, público;Nicaragua;2009;797.5
Comercial, servicios, público;Panamá;2009;3393.48075895193
Comercial, servicios, público;Paraguay;2009;1217.85
Comercial, servicios, público;Perú;2009;6120.49294706198
Comercial, servicios, público;República Dominicana;2009;2514.55794784871
Comercial, servicios, público;Uruguay;2009;2516.6274788
Comercial, servicios, público;Venezuela;2009;21598.5713704743
Comercial, servicios, público;Argentina;2010;26570.3194591935
Comercial, servicios, público;Bolivia;2010;1242.89251686
Comercial, servicios, público;Brasil;2010;106696.6194110168
Comercial, servicios, público;Chile;2010;9016.6922057957
Comercial, servicios, público;Colombia;2010;11001.158306753
Comercial, servicios, público;Costa Rica;2010;3003.87625179943
Comercial, servicios, público;Cuba;2010;240.9
Comercial, servicios, público;Ecuador;2010;4188.548172284
Comercial, servicios, público;El Salvador;2010;599.208929025411
Comercial, servicios, público;Guatemala;2010;2023.821820529374
Comercial, servicios, público;Haiti;2010;61.81
Comercial, servicios, público;Honduras;2010;1660.47449967721
Comercial, servicios, público;México;2010;14765.8965926236
Comercial, servicios, público;Nicaragua;2010;835.0
Comercial, servicios, público;Panamá;2010;3572.10115227087
Comercial, servicios, público;Paraguay;2010;1266.32
Comercial, servicios, público;Perú;2010;6410.80614297966
Comercial, servicios, público;República Dominicana;2010;2848.80493214499
Comercial, servicios, público;Uruguay;2010;2675.9518617
Comercial, servicios, público;Venezuela;2010;18898.0300954179
Comercial, servicios, público;Argentina;2011;28355.2115270596
Comercial, servicios, público;Bolivia;2011;1356.54892688008
Comercial, servicios, público;Brasil;2011;112226.6795065474
Comercial, servicios, público;Chile;2011;9354.280245
Comercial, servicios, público;Colombia;2011;11291.544113
Comercial, servicios, público;Costa Rica;2011;3093.54701079957
Comercial, servicios, público;Cuba;2011;352.1
Comercial, servicios, público;Ecuador;2011;4632.359079852
Comercial, servicios, público;El Salvador;2011;614.189152251046
Comercial, servicios, público;Guatemala;2011;2085.813428018076
Comercial, servicios, público;Haiti;2011;67.0969895678092
Comercial, servicios, público;Honduras;2011;1691.44609425436
Comercial, servicios, público;México;2011;15621.007875359
Comercial, servicios, público;Nicaragua;2011;936.3
Comercial, servicios, público;Panamá;2011;3821.60123275339
Comercial, servicios, público;Paraguay;2011;1404.82
Comercial, servicios, público;Perú;2011;7080.31301632267
Comercial, servicios, público;República Dominicana;2011;2937.0258559188
Comercial, servicios, público;Uruguay;2011;2762.0102875
Comercial, servicios, público;Venezuela;2011;19303.573336448
Comercial, servicios, público;Argentina;2012;28599.6115699219
Comercial, servicios, público;Bolivia;2012;1413.173097144064
Comercial, servicios, público;Brasil;2012;119614.950355721
Comercial, servicios, público;Chile;2012;9307.23385978
Comercial, servicios, público;Colombia;2012;11274.766444
Comercial, servicios, público;Costa Rica;2012;3264.94003885536
Comercial, servicios, público;Cuba;2012;242.9
Comercial, servicios, público;Ecuador;2012;5050.289908065
Comercial, servicios, público;El Salvador;2012;1519.69274898366
Comercial, servicios, público;Guatemala;2012;1956.116849580374
Comercial, servicios, público;Haiti;2012;113.7
Comercial, servicios, público;Honduras;2012;1727.9502
Comercial, servicios, público;México;2012;15809.7506963323
Comercial, servicios, público;Nicaragua;2012;976.7
Comercial, servicios, público;Panamá;2012;4189.90135155783
Comercial, servicios, público;Paraguay;2012;1537.16
Comercial, servicios, público;Perú;2012;7310.56223655904
Comercial, servicios, público;República Dominicana;2012;3270.65920132799
Comercial, servicios, público;Uruguay;2012;2912.0310568
Comercial, servicios, público;Venezuela;2012;18765.5027668871
Comercial, servicios, público;Argentina;2013;30228.381
Comercial, servicios, público;Bolivia;2013;1517.346903740714
Comercial, servicios, público;Brasil;2013;125729.1363950312
Comercial, servicios, público;Chile;2013;10908.19063659
Comercial, servicios, público;Colombia;2013;12116.188381
Comercial, servicios, público;Costa Rica;2013;3348.82971889572
Comercial, servicios, público;Cuba;2013;258.2
Comercial, servicios, público;Ecuador;2013;5544.575433904
Comercial, servicios, público;El Salvador;2013;1258.5668727303
Comercial, servicios, público;Guatemala;2013;2031.552614590058
Comercial, servicios, público;Haiti;2013;45.88
Comercial, servicios, público;Honduras;2013;1795.3195610071
Comercial, servicios, público;México;2013;16031.1427079051
Comercial, servicios, público;Nicaragua;2013;1029.8
Comercial, servicios, público;Panamá;2013;4377.00141191165
Comercial, servicios, público;Paraguay;2013;1635.77
Comercial, servicios, público;Perú;2013;7741.53648696047
Comercial, servicios, público;República Dominicana;2013;3134.44347845242
Comercial, servicios, público;Uruguay;2013;2953.897318
Comercial, servicios, público;Venezuela;2013;18563.9437176932
Comercial, servicios, público;Argentina;2014;29350.1349471519
Comercial, servicios, público;Bolivia;2014;1660.843410658939
Comercial, servicios, público;Brasil;2014;133491.1012839518
Comercial, servicios, público;Chile;2014;11533.605807
Comercial, servicios, público;Colombia;2014;12519.354754
Comercial, servicios, público;Costa Rica;2014;3449.87829870261
Comercial, servicios, público;Cuba;2014;254.6
Comercial, servicios, público;Ecuador;2014;6030.902187925
Comercial, servicios, público;El Salvador;2014;1680.2201293407
Comercial, servicios, público;Guatemala;2014;2118.415106520335
Comercial, servicios, público;Haiti;2014;37.2
Comercial, servicios, público;Honduras;2014;2396.64299548096
Comercial, servicios, público;México;2014;17333.9842318014
Comercial, servicios, público;Nicaragua;2014;1062.9
Comercial, servicios, público;Panamá;2014;4545.40146623332
Comercial, servicios, público;Paraguay;2014;1781.48
Comercial, servicios, público;Perú;2014;7816.57025305814
Comercial, servicios, público;República Dominicana;2014;3570.13925165712
Comercial, servicios, público;Uruguay;2014;2924.8235255
Comercial, servicios, público;Venezuela;2014;27137.98
Comercial, servicios, público;Argentina;2015;30465.1162790698
Comercial, servicios, público;Bolivia;2015;1790.459936142477
Comercial, servicios, público;Brasil;2015;134887.1644530216
Comercial, servicios, público;Chile;2015;11793.5847774131
Comercial, servicios, público;Colombia;2015;12748.688416
Comercial, servicios, público;Costa Rica;2015;3559.73636531943
Comercial, servicios, público;Cuba;2015;270.9
Comercial, servicios, público;Ecuador;2015;6438.403097599
Comercial, servicios, público;El Salvador;2015;1758.32465479061
Comercial, servicios, público;Guatemala;2015;2235.73273079406
Comercial, servicios, público;Haiti;2015;37.3112231371373
Comercial, servicios, público;Honduras;2015;2675.18167923375
Comercial, servicios, público;México;2015;18396.1292334579
Comercial, servicios, público;Nicaragua;2015;1117.1
Comercial, servicios, público;Panamá;2015;5088.20164132713
Comercial, servicios, público;Paraguay;2015;1892.52736870443
Comercial, servicios, público;Perú;2015;8404.06231616911
Comercial, servicios, público;República Dominicana;2015;3591.617410216
Comercial, servicios, público;Uruguay;2015;2864.3500371
Comercial, servicios, público;Venezuela;2015;26748.25
Comercial, servicios, público;Argentina;2016;34237.8751791183
Comercial, servicios, público;Bolivia;2016;1886.040059770003
Comercial, servicios, público;Brasil;2016;132247.6968587656
Comercial, servicios, público;Chile;2016;11889.291527
Comercial, servicios, público;Colombia;2016;13216.9789171574
Comercial, servicios, público;Costa Rica;2016;3704.20206142469
Comercial, servicios, público;Cuba;2016;364.7
Comercial, servicios, público;Ecuador;2016;6633.42129801
Comercial, servicios, público;El Salvador;2016;1737.47825120078
Comercial, servicios, público;Guatemala;2016;2641.107165913493
Comercial, servicios, público;Haiti;2016;37.8484703664894
Comercial, servicios, público;Honduras;2016;2805.35549255657
Comercial, servicios, público;México;2016;19254.9192803718
Comercial, servicios, público;Nicaragua;2016;1173.0
Comercial, servicios, público;Panamá;2016;5263.30169781005
Comercial, servicios, público;Paraguay;2016;1953.47640923749
Comercial, servicios, público;Perú;2016;8685.64414849838
Comercial, servicios, público;República Dominicana;2016;3757.56520237873
Comercial, servicios, público;Uruguay;2016;3120.1994111
Comercial, servicios, público;Venezuela;2016;24238.16
Comercial, servicios, público;Argentina;2017;32256.337
Comercial, servicios, público;Bolivia;2017;1963.295669800003
Comercial, servicios, público;Brasil;2017;133506.7017156156
Comercial, servicios, público;Chile;2017;11847.58106967
Comercial, servicios, público;Colombia;2017;15895.373744
Comercial, servicios, público;Costa Rica;2017;3679.38399355706
Comercial, servicios, público;Cuba;2017;349.5
Comercial, servicios, público;Ecuador;2017;6796.074713137
Comercial, servicios, público;El Salvador;2017;1781.67262681123
Comercial, servicios, público;Guatemala;2017;2629.632020658489
Comercial, servicios, público;Haiti;2017;38.2929588306638
Comercial, servicios, público;Honduras;2017;2319.5
Comercial, servicios, público;México;2017;18874.3293547551
Comercial, servicios, público;Nicaragua;2017;1194.8
Comercial, servicios, público;Panamá;2017;5506.10177613131
Comercial, servicios, público;Paraguay;2017;2071.19116288389
Comercial, servicios, público;Perú;2017;8666.89401526871
Comercial, servicios, público;República Dominicana;2017;4126.67533188338
Comercial, servicios, público;Uruguay;2017;3038.7927921
Comercial, servicios, público;Venezuela;2017;21681.83
Comercial, servicios, público;Argentina;2018;32068.633641408
Comercial, servicios, público;Bolivia;2018;2063.299769483862
Comercial, servicios, público;Brasil;2018;135987.2902903575
Comercial, servicios, público;Chile;2018;11812.3355206038
Comercial, servicios, público;Colombia;2018;13294.8953775573
Comercial, servicios, público;Costa Rica;2018;3808.8790736202
Comercial, servicios, público;Cuba;2018;408.7
Comercial, servicios, público;Ecuador;2018;6938.586297664
Comercial, servicios, público;El Salvador;2018;1742.20343601447
Comercial, servicios, público;Guatemala;2018;2853.712072304713
Comercial, servicios, público;Haiti;2018;38.8611815503905
Comercial, servicios, público;Honduras;2018;2289.40572012483
Comercial, servicios, público;México;2018;20190.749196954
Comercial, servicios, público;Nicaragua;2018;1150.3
Comercial, servicios, público;Panamá;2018;5753.59829137817
Comercial, servicios, público;Paraguay;2018;2262.21532891616
Comercial, servicios, público;Perú;2018;8894.69349918609
Comercial, servicios, público;República Dominicana;2018;4261.069162827366
Comercial, servicios, público;Uruguay;2018;3080.6590533
Comercial, servicios, público;Venezuela;2018;24256.782389
Comercial, servicios, público;Argentina;2019;31138.64326580716
Comercial, servicios, público;Bolivia;2019;2111.932821041437
Comercial, servicios, público;Brasil;2019;140855.4525789139
Comercial, servicios, público;Chile;2019;12270.1169731028
Comercial, servicios, público;Colombia;2019;16350.763498
Comercial, servicios, público;Costa Rica;2019;3933.41059257055
Comercial, servicios, público;Cuba;2019;456.55794
Comercial, servicios, público;Ecuador;2019;7243.545831136
Comercial, servicios, público;El Salvador;2019;1733.86487457854
Comercial, servicios, público;Guatemala;2019;2897.030469112879
Comercial, servicios, público;Haiti;2019;39.4378360306568
Comercial, servicios, público;Honduras;2019;2314.7766900669
Comercial, servicios, público;México;2019;20883.016796838
Comercial, servicios, público;Nicaragua;2019;1166.1
Comercial, servicios, público;Panamá;2019;6051.19820300118
Comercial, servicios, público;Paraguay;2019;2323.13160150756
Comercial, servicios, público;Perú;2019;9247.44692347873
Comercial, servicios, público;República Dominicana;2019;4585.418080796553
Comercial, servicios, público;Uruguay;2019;3035.303937
Comercial, servicios, público;Venezuela;2019;14699.857642
Comercial, servicios, público;Argentina;2020;31384.12220666969
Comercial, servicios, público;Bolivia;2020;1906.637413485046
Comercial, servicios, público;Brasil;2020;127618.8719084015
Comercial, servicios, público;Chile;2020;11241.6812236949
Comercial, servicios, público;Colombia;2020;15307.8595359873
Comercial, servicios, público;Costa Rica;2020;3533.92369119201
Comercial, servicios, público;Cuba;2020;466.33124
Comercial, servicios, público;Ecuador;2020;6648.065943734
Comercial, servicios, público;El Salvador;2020;1999.05042647259
Comercial, servicios, público;Guatemala;2020;2971.148255937763
Comercial, servicios, público;Haiti;2020;38.136387441645
Comercial, servicios, público;Honduras;2020;1849.01176501
Comercial, servicios, público;México;2020;19215.38734248
Comercial, servicios, público;Nicaragua;2020;1117.6
Comercial, servicios, público;Panamá;2020;5378.49840277
Comercial, servicios, público;Paraguay;2020;2276.6482922088
Comercial, servicios, público;Perú;2020;8540.66245007882
Comercial, servicios, público;República Dominicana;2020;4604.624195823863
Comercial, servicios, público;Uruguay;2020;2937.6159942
Comercial, servicios, público;Venezuela;2020;14447.32788268623
Comercial, servicios, público;Argentina;2021;33066.29435316001
Comercial, servicios, público;Bolivia;2021;2048.352230482756
Comercial, servicios, público;Brasil;2021;133047.4610893692
Comercial, servicios, público;Chile;2021;12725.1447682826
Comercial, servicios, público;Colombia;2021;16352.5327603886
Comercial, servicios, público;Costa Rica;2021;3750.4022746251
Comercial, servicios, público;Cuba;2021;390.28435
Comercial, servicios, público;Ecuador;2021;6990.563201029
Comercial, servicios, público;El Salvador;2021;2306.0
Comercial, servicios, público;Guatemala;2021;3005.235266466628
Comercial, servicios, público;Haiti;2021;34.726110609646
Comercial, servicios, público;Honduras;2021;2138.131816208
Comercial, servicios, público;México;2021;20998.505911008
Comercial, servicios, público;Nicaragua;2021;1175.4
Comercial, servicios, público;Panamá;2021;5925.76824024959
Comercial, servicios, público;Paraguay;2021;2344.94
Comercial, servicios, público;Perú;2021;8572.25108715001
Comercial, servicios, público;República Dominicana;2021;4995.056926002526
Comercial, servicios, público;Uruguay;2021;3069.0295363
Comercial, servicios, público;Venezuela;2021;14185.98884174888
Agro, pesca y minería;Argentina;2000;480.567
Agro, pesca y minería;Bolivia;2000;399.6594951870412
Agro, pesca y minería;Brasil;2000;20285.0
Agro, pesca y minería;Chile;2000;13752.3255813953
Agro, pesca y minería;Colombia;2000;1280.62850242758
Agro, pesca y minería;Costa Rica;2000;33.61
Agro, pesca y minería;Cuba;2000;224.7
Agro, pesca y minería;Ecuador;2000;
Agro, pesca y minería;El Salvador;2000;41.3468113606028
Agro, pesca y minería;Guatemala;2000;
Agro, pesca y minería;Haiti;2000;
Agro, pesca y minería;Honduras;2000;
Agro, pesca y minería;México;2000;7901.11111111111
Agro, pesca y minería;Nicaragua;2000;91.4000015258789
Agro, pesca y minería;Panamá;2000;
Agro, pesca y minería;Paraguay;2000;
Agro, pesca y minería;Perú;2000;3492.87376597674
Agro, pesca y minería;República Dominicana;2000;1284.40495246076
Agro, pesca y minería;Uruguay;2000;202.3535958
Agro, pesca y minería;Venezuela;2000;
Agro, pesca y minería;Argentina;2001;473.588
Agro, pesca y minería;Bolivia;2001;384.887991722285
Agro, pesca y minería;Brasil;2001;19308.0
Agro, pesca y minería;Chile;2001;14551.1627906977
Agro, pesca y minería;Colombia;2001;1405.82891904272
Agro, pesca y minería;Costa Rica;2001;35.95
Agro, pesca y minería;Cuba;2001;221.4
Agro, pesca y minería;Ecuador;2001;
Agro, pesca y minería;El Salvador;2001;62.8
Agro, pesca y minería;Guatemala;2001;
Agro, pesca y minería;Haiti;2001;
Agro, pesca y minería;Honduras;2001;
Agro, pesca y minería;México;2001;7463.05555555556
Agro, pesca y minería;Nicaragua;2001;88.7373886108398
Agro, pesca y minería;Panamá;2001;
Agro, pesca y minería;Paraguay;2001;
Agro, pesca y minería;Perú;2001;3892.65606049188
Agro, pesca y minería;República Dominicana;2001;850.2091
Agro, pesca y minería;Uruguay;2001;193.0499822
Agro, pesca y minería;Venezuela;2001;
Agro, pesca y minería;Argentina;2002;489.445
Agro, pesca y minería;Bolivia;2002;408.5153042671787
Agro, pesca y minería;Brasil;2002;20598.0
Agro, pesca y minería;Chile;2002;15068.6046511628
Agro, pesca y minería;Colombia;2002;1382.12722676482
Agro, pesca y minería;Costa Rica;2002;36.0
Agro, pesca y minería;Cuba;2002;199.5
Agro, pesca y minería;Ecuador;2002;
Agro, pesca y minería;El Salvador;2002;69.2529409514737
Agro, pesca y minería;Guatemala;2002;
Agro, pesca y minería;Haiti;2002;
Agro, pesca y minería;Honduras;2002;
Agro, pesca y minería;México;2002;7216.11
Agro, pesca y minería;Nicaragua;2002;76.1
Agro, pesca y minería;Panamá;2002;
Agro, pesca y minería;Paraguay;2002;
Agro, pesca y minería;Perú;2002;4350.00729687751
Agro, pesca y minería;República Dominicana;2002;914.853452126629
Agro, pesca y minería;Uruguay;2002;180.2575135
Agro, pesca y minería;Venezuela;2002;
Agro, pesca y minería;Argentina;2003;588.63
Agro, pesca y minería;Bolivia;2003;368.3204448414685
Agro, pesca y minería;Brasil;2003;23413.0
Agro, pesca y minería;Chile;2003;17368.6046511628
Agro, pesca y minería;Colombia;2003;1500.25311686677
Agro, pesca y minería;Costa Rica;2003;131.82
Agro, pesca y minería;Cuba;2003;238.7
Agro, pesca y minería;Ecuador;2003;
Agro, pesca y minería;El Salvador;2003;70.7212552079353
Agro, pesca y minería;Guatemala;2003;
Agro, pesca y minería;Haiti;2003;
Agro, pesca y minería;Honduras;2003;
Agro, pesca y minería;México;2003;7524.29704791826
Agro, pesca y minería;Nicaragua;2003;64.1
Agro, pesca y minería;Panamá;2003;
Agro, pesca y minería;Paraguay;2003;
Agro, pesca y minería;Perú;2003;4782.46090975256
Agro, pesca y minería;República Dominicana;2003;1085.8861664818
Agro, pesca y minería;Uruguay;2003;179.0945618
Agro, pesca y minería;Venezuela;2003;
Agro, pesca y minería;Argentina;2004;751.614
Agro, pesca y minería;Bolivia;2004;304.7289639462583
Agro, pesca y minería;Brasil;2004;24187.0
Agro, pesca y minería;Chile;2004;18132.8114622618
Agro, pesca y minería;Colombia;2004;1659.85747563881
Agro, pesca y minería;Costa Rica;2004;
Agro, pesca y minería;Cuba;2004;263.8
Agro, pesca y minería;Ecuador;2004;
Agro, pesca y minería;El Salvador;2004;71.9870067718855
Agro, pesca y minería;Guatemala;2004;
Agro, pesca y minería;Haiti;2004;
Agro, pesca y minería;Honduras;2004;
Agro, pesca y minería;México;2004;6973.4117975925
Agro, pesca y minería;Nicaragua;2004;66.9
Agro, pesca y minería;Panamá;2004;
Agro, pesca y minería;Paraguay;2004;
Agro, pesca y minería;Perú;2004;5354.61700353488
Agro, pesca y minería;República Dominicana;2004;1123.49515946798
Agro, pesca y minería;Uruguay;2004;218.6349196
Agro, pesca y minería;Venezuela;2004;
Agro, pesca y minería;Argentina;2005;681.583
Agro, pesca y minería;Bolivia;2005;331.957964549928
Agro, pesca y minería;Brasil;2005;25319.63414426018
Agro, pesca y minería;Chile;2005;18219.1797843859
Agro, pesca y minería;Colombia;2005;1653.34416085617
Agro, pesca y minería;Costa Rica;2005;
Agro, pesca y minería;Cuba;2005;248.871680923992
Agro, pesca y minería;Ecuador;2005;
Agro, pesca y minería;El Salvador;2005;66.408513938323
Agro, pesca y minería;Guatemala;2005;
Agro, pesca y minería;Haiti;2005;
Agro, pesca y minería;Honduras;2005;
Agro, pesca y minería;México;2005;8073.12300568872
Agro, pesca y minería;Nicaragua;2005;65.8
Agro, pesca y minería;Panamá;2005;0.145255050083551
Agro, pesca y minería;Paraguay;2005;
Agro, pesca y minería;Perú;2005;5914.58512554651
Agro, pesca y minería;República Dominicana;2005;1119.77044191035
Agro, pesca y minería;Uruguay;2005;237.2421468
Agro, pesca y minería;Venezuela;2005;
Agro, pesca y minería;Argentina;2006;743.046
Agro, pesca y minería;Bolivia;2006;350.0230200488883
Agro, pesca y minería;Brasil;2006;26446.8
Agro, pesca y minería;Chile;2006;18672.7381512223
Agro, pesca y minería;Colombia;2006;2806.60227471583
Agro, pesca y minería;Costa Rica;2006;330.82
Agro, pesca y minería;Cuba;2006;266.315957624272
Agro, pesca y minería;Ecuador;2006;
Agro, pesca y minería;El Salvador;2006;72.95
Agro, pesca y minería;Guatemala;2006;
Agro, pesca y minería;Haiti;2006;
Agro, pesca y minería;Honduras;2006;
Agro, pesca y minería;México;2006;7964.952856447
Agro, pesca y minería;Nicaragua;2006;65.6
Agro, pesca y minería;Panamá;2006;0.145255050083551
Agro, pesca y minería;Paraguay;2006;
Agro, pesca y minería;Perú;2006;6630.54615384883
Agro, pesca y minería;República Dominicana;2006;1149.92786830096
Agro, pesca y minería;Uruguay;2006;266.3159393
Agro, pesca y minería;Venezuela;2006;
Agro, pesca y minería;Argentina;2007;751.9376275
Agro, pesca y minería;Bolivia;2007;494.3594750475863
Agro, pesca y minería;Brasil;2007;28327.72377
Agro, pesca y minería;Chile;2007;19803.0249348153
Agro, pesca y minería;Colombia;2007;2813.89032001709
Agro, pesca y minería;Costa Rica;2007;337.71
Agro, pesca y minería;Cuba;2007;289.574993224645
Agro, pesca y minería;Ecuador;2007;
Agro, pesca y minería;El Salvador;2007;75.05
Agro, pesca y minería;Guatemala;2007;
Agro, pesca y minería;Haiti;2007;
Agro, pesca y minería;Honduras;2007;
Agro, pesca y minería;México;2007;7809.84246711223
Agro, pesca y minería;Nicaragua;2007;57.3
Agro, pesca y minería;Panamá;2007;0.143000046128254
Agro, pesca y minería;Paraguay;2007;
Agro, pesca y minería;Perú;2007;7629.36764896511
Agro, pesca y minería;República Dominicana;2007;1111.02816443646
Agro, pesca y minería;Uruguay;2007;258.1752774
Agro, pesca y minería;Venezuela;2007;
Agro, pesca y minería;Argentina;2008;730.574717
Agro, pesca y minería;Bolivia;2008;676.4825561536048
Agro, pesca y minería;Brasil;2008;29670.453995
Agro, pesca y minería;Chile;2008;20467.8254933835
Agro, pesca y minería;Colombia;2008;3100.80419965761
Agro, pesca y minería;Costa Rica;2008;331.32
Agro, pesca y minería;Cuba;2008;305.856318144906
Agro, pesca y minería;Ecuador;2008;
Agro, pesca y minería;El Salvador;2008;77.2
Agro, pesca y minería;Guatemala;2008;
Agro, pesca y minería;Haiti;2008;
Agro, pesca y minería;Honduras;2008;
Agro, pesca y minería;México;2008;8115.1052315687
Agro, pesca y minería;Nicaragua;2008;63.8
Agro, pesca y minería;Panamá;2008;17.7533950102118
Agro, pesca y minería;Paraguay;2008;
Agro, pesca y minería;Perú;2008;8299.36176705814
Agro, pesca y minería;República Dominicana;2008;757.844237696805
Agro, pesca y minería;Uruguay;2008;297.7156352
Agro, pesca y minería;Venezuela;2008;
Agro, pesca y minería;Argentina;2009;822.207132
Agro, pesca y minería;Bolivia;2009;696.96523551751
Agro, pesca y minería;Brasil;2009;25913.6882101
Agro, pesca y minería;Chile;2009;20993.4939798516
Agro, pesca y minería;Colombia;2009;3330.51418742712
Agro, pesca y minería;Costa Rica;2009;326.472624489531
Agro, pesca y minería;Cuba;2009;316.6
Agro, pesca y minería;Ecuador;2009;
Agro, pesca y minería;El Salvador;2009;76.8
Agro, pesca y minería;Guatemala;2009;
Agro, pesca y minería;Haiti;2009;
Agro, pesca y minería;Honduras;2009;
Agro, pesca y minería;México;2009;9306.99869853939
Agro, pesca y minería;Nicaragua;2009;82.2
Agro, pesca y minería;Panamá;2009;18.2375785104903
Agro, pesca y minería;Paraguay;2009;
Agro, pesca y minería;Perú;2009;8362.53152939534
Agro, pesca y minería;República Dominicana;2009;11.390597856894
Agro, pesca y minería;Uruguay;2009;275.6195529
Agro, pesca y minería;Venezuela;2009;
Agro, pesca y minería;Argentina;2010;875.492708911335
Agro, pesca y minería;Bolivia;2010;812.7821629890959
Agro, pesca y minería;Brasil;2010;30238.2284
Agro, pesca y minería;Chile;2010;21916.6331647666
Agro, pesca y minería;Colombia;2010;3573.70502645207
Agro, pesca y minería;Costa Rica;2010;311.652196535079
Agro, pesca y minería;Cuba;2010;277.7
Agro, pesca y minería;Ecuador;2010;
Agro, pesca y minería;El Salvador;2010;77.7549138280841
Agro, pesca y minería;Guatemala;2010;
Agro, pesca y minería;Haiti;2010;
Agro, pesca y minería;Honduras;2010;
Agro, pesca y minería;México;2010;8606.89793116258
Agro, pesca y minería;Nicaragua;2010;65.5
Agro, pesca y minería;Panamá;2010;18.3000059031262
Agro, pesca y minería;Paraguay;2010;
Agro, pesca y minería;Perú;2010;8799.52288134883
Agro, pesca y minería;República Dominicana;2010;12.8885766126602
Agro, pesca y minería;Uruguay;2010;284.9231665
Agro, pesca y minería;Venezuela;2010;
Agro, pesca y minería;Argentina;2011;1006.38451979309
Agro, pesca y minería;Bolivia;2011;710.861894
Agro, pesca y minería;Brasil;2011;33406.52132688492
Agro, pesca y minería;Chile;2011;22408.84119028
Agro, pesca y minería;Colombia;2011;3444.26980790975
Agro, pesca y minería;Costa Rica;2011;311.204534826208
Agro, pesca y minería;Cuba;2011;319.2
Agro, pesca y minería;Ecuador;2011;
Agro, pesca y minería;El Salvador;2011;79.6987866737862
Agro, pesca y minería;Guatemala;2011;
Agro, pesca y minería;Haiti;2011;
Agro, pesca y minería;Honduras;2011;
Agro, pesca y minería;México;2011;10982.8144884361
Agro, pesca y minería;Nicaragua;2011;74.1
Agro, pesca y minería;Panamá;2011;16.9000054515209
Agro, pesca y minería;Paraguay;2011;
Agro, pesca y minería;Perú;2011;9744.76263348837
Agro, pesca y minería;República Dominicana;2011;545.061995040076
Agro, pesca y minería;Uruguay;2011;318.6487658
Agro, pesca y minería;Venezuela;2011;
Agro, pesca y minería;Argentina;2012;1043.739507
Agro, pesca y minería;Bolivia;2012;705.0637949999999
Agro, pesca y minería;Brasil;2012;35021.50970182523
Agro, pesca y minería;Chile;2012;24406.5103411
Agro, pesca y minería;Colombia;2012;4092.98824444744
Agro, pesca y minería;Costa Rica;2012;319.986118205367
Agro, pesca y minería;Cuba;2012;317.5
Agro, pesca y minería;Ecuador;2012;
Agro, pesca y minería;El Salvador;2012;79.6987866737862
Agro, pesca y minería;Guatemala;2012;
Agro, pesca y minería;Haiti;2012;
Agro, pesca y minería;Honduras;2012;
Agro, pesca y minería;México;2012;10827.3353903066
Agro, pesca y minería;Nicaragua;2012;93.4
Agro, pesca y minería;Panamá;2012;16.9000054515209
Agro, pesca y minería;Paraguay;2012;
Agro, pesca y minería;Perú;2012;10061.5007687093
Agro, pesca y minería;República Dominicana;2012;582.000442583463
Agro, pesca y minería;Uruguay;2012;333.7671379
Agro, pesca y minería;Venezuela;2012;
Agro, pesca y minería;Argentina;2013;1065.012
Agro, pesca y minería;Bolivia;2013;726.5910120000001
Agro, pesca y minería;Brasil;2013;35628.31470536703
Agro, pesca y minería;Chile;2013;24384.83208518
Agro, pesca y minería;Colombia;2013;4258.29140084423
Agro, pesca y minería;Costa Rica;2013;320.798221504964
Agro, pesca y minería;Cuba;2013;323.1
Agro, pesca y minería;Ecuador;2013;
Agro, pesca y minería;El Salvador;2013;507.540439400515
Agro, pesca y minería;Guatemala;2013;
Agro, pesca y minería;Haiti;2013;
Agro, pesca y minería;Honduras;2013;
Agro, pesca y minería;México;2013;10291.983113344
Agro, pesca y minería;Nicaragua;2013;87.4
Agro, pesca y minería;Panamá;2013;16.9000054515209
Agro, pesca y minería;Paraguay;2013;
Agro, pesca y minería;Perú;2013;10530.7023074419
Agro, pesca y minería;República Dominicana;2013;1245.85358256885
Agro, pesca y minería;Uruguay;2013;310.5081039
Agro, pesca y minería;Venezuela;2013;
Agro, pesca y minería;Argentina;2014;1041.53181315027
Agro, pesca y minería;Bolivia;2014;729.758258951
Agro, pesca y minería;Brasil;2014;38872.73180756922
Agro, pesca y minería;Chile;2014;25170.490016
Agro, pesca y minería;Colombia;2014;4388.39122755201
Agro, pesca y minería;Costa Rica;2014;313.810113552064
Agro, pesca y minería;Cuba;2014;315.6
Agro, pesca y minería;Ecuador;2014;
Agro, pesca y minería;El Salvador;2014;424.710729136904
Agro, pesca y minería;Guatemala;2014;
Agro, pesca y minería;Haiti;2014;
Agro, pesca y minería;Honduras;2014;
Agro, pesca y minería;México;2014;10038.8355572911
Agro, pesca y minería;Nicaragua;2014;110.6
Agro, pesca y minería;Panamá;2014;16.9000054515209
Agro, pesca y minería;Paraguay;2014;
Agro, pesca y minería;Perú;2014;11539.0284478372
Agro, pesca y minería;República Dominicana;2014;907.321254748534
Agro, pesca y minería;Uruguay;2014;274.4566012
Agro, pesca y minería;Venezuela;2014;581.94
Agro, pesca y minería;Argentina;2015;1069.76744186046
Agro, pesca y minería;Bolivia;2015;786.7174113000001
Agro, pesca y minería;Brasil;2015;39532.34408968875
Agro, pesca y minería;Chile;2015;24607.379919222
Agro, pesca y minería;Colombia;2015;4566.31161484108
Agro, pesca y minería;Costa Rica;2015;316.435492413363
Agro, pesca y minería;Cuba;2015;331.4
Agro, pesca y minería;Ecuador;2015;
Agro, pesca y minería;El Salvador;2015;410.813126743681
Agro, pesca y minería;Guatemala;2015;
Agro, pesca y minería;Haiti;2015;
Agro, pesca y minería;Honduras;2015;
Agro, pesca y minería;México;2015;10073.6822900032
Agro, pesca y minería;Nicaragua;2015;132.2
Agro, pesca y minería;Panamá;2015;18.3000059031262
Agro, pesca y minería;Paraguay;2015;
Agro, pesca y minería;Perú;2015;11758.1911164651
Agro, pesca y minería;República Dominicana;2015;895.603285426793
Agro, pesca y minería;Uruguay;2015;272.1306978
Agro, pesca y minería;Venezuela;2015;582.45
Agro, pesca y minería;Argentina;2016;921.39824865203
Agro, pesca y minería;Bolivia;2016;816.4821297
Agro, pesca y minería;Brasil;2016;40063.08286431615
Agro, pesca y minería;Chile;2016;24941.98795816
Agro, pesca y minería;Colombia;2016;4794.15863565186
Agro, pesca y minería;Costa Rica;2016;331.259690059677
Agro, pesca y minería;Cuba;2016;320.2
Agro, pesca y minería;Ecuador;2016;
Agro, pesca y minería;El Salvador;2016;416.928071796699
Agro, pesca y minería;Guatemala;2016;
Agro, pesca y minería;Haiti;2016;
Agro, pesca y minería;Honduras;2016;
Agro, pesca y minería;México;2016;11341.9797369725
Agro, pesca y minería;Nicaragua;2016;112.1
Agro, pesca y minería;Panamá;2016;18.3000059031262
Agro, pesca y minería;Paraguay;2016;
Agro, pesca y minería;Perú;2016;15923.5217557993
Agro, pesca y minería;República Dominicana;2016;992.222283964606
Agro, pesca y minería;Uruguay;2016;310.5081039
Agro, pesca y minería;Venezuela;2016;551.36
Agro, pesca y minería;Argentina;2017;940.503
Agro, pesca y minería;Bolivia;2017;817.6319140128585
Agro, pesca y minería;Brasil;2017;41232.90390758817
Agro, pesca y minería;Chile;2017;27389.5499049384
Agro, pesca y minería;Colombia;2017;4860.90343784866
Agro, pesca y minería;Costa Rica;2017;343.694836339192
Agro, pesca y minería;Cuba;2017;305.9
Agro, pesca y minería;Ecuador;2017;
Agro, pesca y minería;El Salvador;2017;436.940619242941
Agro, pesca y minería;Guatemala;2017;
Agro, pesca y minería;Haiti;2017;
Agro, pesca y minería;Honduras;2017;
Agro, pesca y minería;México;2017;11578.1113487494
Agro, pesca y minería;Nicaragua;2017;104.6
Agro, pesca y minería;Panamá;2017;18.3000059031262
Agro, pesca y minería;Paraguay;2017;
Agro, pesca y minería;Perú;2017;16547.844139905
Agro, pesca y minería;República Dominicana;2017;1029.23404680348
Agro, pesca y minería;Uruguay;2017;308.1822005
Agro, pesca y minería;Venezuela;2017;7.09
Agro, pesca y minería;Argentina;2018;915.700863168
Agro, pesca y minería;Bolivia;2018;772.47917835
Agro, pesca y minería;Brasil;2018;43629.14792576313
Agro, pesca y minería;Chile;2018;28817.0291561812
Agro, pesca y minería;Colombia;2018;6083.5234179
Agro, pesca y minería;Costa Rica;2018;327.138284423374
Agro, pesca y minería;Cuba;2018;324.8
Agro, pesca y minería;Ecuador;2018;
Agro, pesca y minería;El Salvador;2018;417.761927940293
Agro, pesca y minería;Guatemala;2018;
Agro, pesca y minería;Haiti;2018;
Agro, pesca y minería;Honduras;2018;
Agro, pesca y minería;México;2018;12385.5473584
Agro, pesca y minería;Nicaragua;2018;126.5
Agro, pesca y minería;Panamá;2018;61.099981855396
Agro, pesca y minería;Paraguay;2018;
Agro, pesca y minería;Perú;2018;17412.536146591
Agro, pesca y minería;República Dominicana;2018;1062.753210625067
Agro, pesca y minería;Uruguay;2018;317.4858141
Agro, pesca y minería;Venezuela;2018;3.33810515
Agro, pesca y minería;Argentina;2019;889.145538136128
Agro, pesca y minería;Bolivia;2019;760.241045648863
Agro, pesca y minería;Brasil;2019;42439.89310181985
Agro, pesca y minería;Chile;2019;29320.1621498034
Agro, pesca y minería;Colombia;2019;6380.62672598
Agro, pesca y minería;Costa Rica;2019;323.44468356686
Agro, pesca y minería;Cuba;2019;304.24432
Agro, pesca y minería;Ecuador;2019;
Agro, pesca y minería;El Salvador;2019;400.80685302056
Agro, pesca y minería;Guatemala;2019;
Agro, pesca y minería;Haiti;2019;
Agro, pesca y minería;Honduras;2019;
Agro, pesca y minería;México;2019;13138.7976578
Agro, pesca y minería;Nicaragua;2019;126.6
Agro, pesca y minería;Panamá;2019;1297.69961462762
Agro, pesca y minería;Paraguay;2019;
Agro, pesca y minería;Perú;2019;17667.444554
Agro, pesca y minería;República Dominicana;2019;1143.649070504938
Agro, pesca y minería;Uruguay;2019;275.6195529
Agro, pesca y minería;Venezuela;2019;8.72326155
Agro, pesca y minería;Argentina;2020;661.6943242183872
Agro, pesca y minería;Bolivia;2020;693.616142917186
Agro, pesca y minería;Brasil;2020;44349.95173837183
Agro, pesca y minería;Chile;2020;30538.6485498738
Agro, pesca y minería;Colombia;2020;5357.08072414656
Agro, pesca y minería;Costa Rica;2020;313.249637777152
Agro, pesca y minería;Cuba;2020;229.96796
Agro, pesca y minería;Ecuador;2020;
Agro, pesca y minería;El Salvador;2020;
Agro, pesca y minería;Guatemala;2020;
Agro, pesca y minería;Haiti;2020;
Agro, pesca y minería;Honduras;2020;
Agro, pesca y minería;México;2020;14673.0934706
Agro, pesca y minería;Nicaragua;2020;106.3
Agro, pesca y minería;Panamá;2020;1853.5394495622
Agro, pesca y minería;Paraguay;2020;
Agro, pesca y minería;Perú;2020;16317.117745017
Agro, pesca y minería;República Dominicana;2020;1148.439267431796
Agro, pesca y minería;Uruguay;2020;301.2044903
Agro, pesca y minería;Venezuela;2020;8.573404102853129
Agro, pesca y minería;Argentina;2021;700.6487326651412
Agro, pesca y minería;Bolivia;2021;841.69675
Agro, pesca y minería;Brasil;2021;46989.52436155023
Agro, pesca y minería;Chile;2021;29799.0250363699
Agro, pesca y minería;Colombia;2021;5781.09274786772
Agro, pesca y minería;Costa Rica;2021;341.20286482323
Agro, pesca y minería;Cuba;2021;275.8963
Agro, pesca y minería;Ecuador;2021;
Agro, pesca y minería;El Salvador;2021;
Agro, pesca y minería;Guatemala;2021;
Agro, pesca y minería;Haiti;2021;
Agro, pesca y minería;Honduras;2021;
Agro, pesca y minería;México;2021;13516.8125682
Agro, pesca y minería;Nicaragua;2021;119.5
Agro, pesca y minería;Panamá;2021;2242.49933405443
Agro, pesca y minería;Paraguay;2021;
Agro, pesca y minería;Perú;2021;18119.36672292
Agro, pesca y minería;República Dominicana;2021;1245.817090150628
Agro, pesca y minería;Uruguay;2021;288.4120216
Agro, pesca y minería;Venezuela;2021;8.418319008640442
Construcción y otros;Argentina;2000;
Construcción y otros;Bolivia;2000;35.571695
Construcción y otros;Brasil;2000;29473.444
Construcción y otros;Chile;2000;
Construcción y otros;Colombia;2000;56.2
Construcción y otros;Costa Rica;2000;
Construcción y otros;Cuba;2000;2892.6
Construcción y otros;Ecuador;2000;890.2939631
Construcción y otros;El Salvador;2000;4.67455988312548
Construcción y otros;Guatemala;2000;
Construcción y otros;Haiti;2000;
Construcción y otros;Honduras;2000;
Construcción y otros;México;2000;
Construcción y otros;Nicaragua;2000;9.0
Construcción y otros;Panamá;2000;
Construcción y otros;Paraguay;2000;695.19
Construcción y otros;Perú;2000;
Construcción y otros;República Dominicana;2000;
Construcción y otros;Uruguay;2000;
Construcción y otros;Venezuela;2000;
Construcción y otros;Argentina;2001;
Construcción y otros;Bolivia;2001;36.73
Construcción y otros;Brasil;2001;28769.15901
Construcción y otros;Chile;2001;
Construcción y otros;Colombia;2001;56.2
Construcción y otros;Costa Rica;2001;33.73
Construcción y otros;Cuba;2001;3008.5
Construcción y otros;Ecuador;2001;878.6098436
Construcción y otros;El Salvador;2001;7.1
Construcción y otros;Guatemala;2001;
Construcción y otros;Haiti;2001;
Construcción y otros;Honduras;2001;
Construcción y otros;México;2001;
Construcción y otros;Nicaragua;2001;5.22628211975098
Construcción y otros;Panamá;2001;
Construcción y otros;Paraguay;2001;676.11
Construcción y otros;Perú;2001;
Construcción y otros;República Dominicana;2001;
Construcción y otros;Uruguay;2001;
Construcción y otros;Venezuela;2001;8870.400390625
Construcción y otros;Argentina;2002;
Construcción y otros;Bolivia;2002;36.81074765235591
Construcción y otros;Brasil;2002;29717.8514
Construcción y otros;Chile;2002;
Construcción y otros;Colombia;2002;53.0
Construcción y otros;Costa Rica;2002;34.0
Construcción y otros;Cuba;2002;3089.7
Construcción y otros;Ecuador;2002;883.7391785
Construcción y otros;El Salvador;2002;7.82955224132903
Construcción y otros;Guatemala;2002;
Construcción y otros;Haiti;2002;49.0
Construcción y otros;Honduras;2002;
Construcción y otros;México;2002;
Construcción y otros;Nicaragua;2002;36.2
Construcción y otros;Panamá;2002;
Construcción y otros;Paraguay;2002;746.78
Construcción y otros;Perú;2002;
Construcción y otros;República Dominicana;2002;
Construcción y otros;Uruguay;2002;
Construcción y otros;Venezuela;2002;8617.2890625
Construcción y otros;Argentina;2003;
Construcción y otros;Bolivia;2003;38.19486144816659
Construcción y otros;Brasil;2003;31289.93
Construcción y otros;Chile;2003;
Construcción y otros;Colombia;2003;52.0
Construcción y otros;Costa Rica;2003;36.0
Construcción y otros;Cuba;2003;3403.1
Construcción y otros;Ecuador;2003;801.9985956
Construcción y otros;El Salvador;2003;8.03253762855561
Construcción y otros;Guatemala;2003;
Construcción y otros;Haiti;2003;52.0
Construcción y otros;Honduras;2003;
Construcción y otros;México;2003;5889.05366560505
Construcción y otros;Nicaragua;2003;54.1
Construcción y otros;Panamá;2003;
Construcción y otros;Paraguay;2003;659.03
Construcción y otros;Perú;2003;
Construcción y otros;República Dominicana;2003;
Construcción y otros;Uruguay;2003;
Construcción y otros;Venezuela;2003;8400.27
Construcción y otros;Argentina;2004;
Construcción y otros;Bolivia;2004;73.28899993433781
Construcción y otros;Brasil;2004;33902.134
Construcción y otros;Chile;2004;
Construcción y otros;Colombia;2004;59.2
Construcción y otros;Costa Rica;2004;
Construcción y otros;Cuba;2004;3372.3
Construcción y otros;Ecuador;2004;928.1689156
Construcción y otros;El Salvador;2004;8.17159265009006
Construcción y otros;Guatemala;2004;
Construcción y otros;Haiti;2004;
Construcción y otros;Honduras;2004;
Construcción y otros;México;2004;6004.53228665895
Construcción y otros;Nicaragua;2004;67.8
Construcción y otros;Panamá;2004;
Construcción y otros;Paraguay;2004;631.12
Construcción y otros;Perú;2004;
Construcción y otros;República Dominicana;2004;
Construcción y otros;Uruguay;2004;
Construcción y otros;Venezuela;2004;1015.33
Construcción y otros;Argentina;2005;
Construcción y otros;Bolivia;2005;124.5516734809805
Construcción y otros;Brasil;2005;35168.098408507
Construcción y otros;Chile;2005;
Construcción y otros;Colombia;2005;64.0
Construcción y otros;Costa Rica;2005;
Construcción y otros;Cuba;2005;2624.7821675021
Construcción y otros;Ecuador;2005;952.6961942
Construcción y otros;El Salvador;2005;7.53695825359698
Construcción y otros;Guatemala;2005;
Construcción y otros;Haiti;2005;
Construcción y otros;Honduras;2005;
Construcción y otros;México;2005;
Construcción y otros;Nicaragua;2005;70.3
Construcción y otros;Panamá;2005;
Construcción y otros;Paraguay;2005;668.52
Construcción y otros;Perú;2005;
Construcción y otros;República Dominicana;2005;
Construcción y otros;Uruguay;2005;
Construcción y otros;Venezuela;2005;1108.89799876317
Construcción y otros;Argentina;2006;
Construcción y otros;Bolivia;2006;134.4648240573819
Construcción y otros;Brasil;2006;37431.13375
Construcción y otros;Chile;2006;592.534414093303
Construcción y otros;Colombia;2006;846.572599099166
Construcción y otros;Costa Rica;2006;44.4
Construcción y otros;Cuba;2006;2660.83367268268
Construcción y otros;Ecuador;2006;1058.810750711
Construcción y otros;El Salvador;2006;7.72
Construcción y otros;Guatemala;2006;
Construcción y otros;Haiti;2006;
Construcción y otros;Honduras;2006;
Construcción y otros;México;2006;
Construcción y otros;Nicaragua;2006;70.8
Construcción y otros;Panamá;2006;
Construcción y otros;Paraguay;2006;692.07
Construcción y otros;Perú;2006;
Construcción y otros;República Dominicana;2006;
Construcción y otros;Uruguay;2006;
Construcción y otros;Venezuela;2006;1164.08357262192
Construcción y otros;Argentina;2007;
Construcción y otros;Bolivia;2007;152.1405861545437
Construcción y otros;Brasil;2007;38174.2996
Construcción y otros;Chile;2007;
Construcción y otros;Colombia;2007;527.463479974569
Construcción y otros;Costa Rica;2007;46.97
Construcción y otros;Cuba;2007;2835.27643968548
Construcción y otros;Ecuador;2007;606.537999551
Construcción y otros;El Salvador;2007;4.55
Construcción y otros;Guatemala;2007;
Construcción y otros;Haiti;2007;
Construcción y otros;Honduras;2007;
Construcción y otros;México;2007;
Construcción y otros;Nicaragua;2007;71.9
Construcción y otros;Panamá;2007;
Construcción y otros;Paraguay;2007;765.65
Construcción y otros;Perú;2007;
Construcción y otros;República Dominicana;2007;
Construcción y otros;Uruguay;2007;
Construcción y otros;Venezuela;2007;1179.11838343776
Construcción y otros;Argentina;2008;
Construcción y otros;Bolivia;2008;164.2033651
Construcción y otros;Brasil;2008;39420.618496
Construcción y otros;Chile;2008;
Construcción y otros;Colombia;2008;584.49901884417
Construcción y otros;Costa Rica;2008;48.09
Construcción y otros;Cuba;2008;3352.78998179378
Construcción y otros;Ecuador;2008;858.893683869
Construcción y otros;El Salvador;2008;8.61
Construcción y otros;Guatemala;2008;
Construcción y otros;Haiti;2008;
Construcción y otros;Honduras;2008;
Construcción y otros;México;2008;
Construcción y otros;Nicaragua;2008;71.2
Construcción y otros;Panamá;2008;
Construcción y otros;Paraguay;2008;829.59
Construcción y otros;Perú;2008;
Construcción y otros;República Dominicana;2008;
Construcción y otros;Uruguay;2008;
Construcción y otros;Venezuela;2008;1194.13331422778
Construcción y otros;Argentina;2009;
Construcción y otros;Bolivia;2009;164.8299445
Construcción y otros;Brasil;2009;38547.19624608
Construcción y otros;Chile;2009;
Construcción y otros;Colombia;2009;967.755683292703
Construcción y otros;Costa Rica;2009;58.4558230486378
Construcción y otros;Cuba;2009;3216.4
Construcción y otros;Ecuador;2009;362.366830404
Construcción y otros;El Salvador;2009;8.93
Construcción y otros;Guatemala;2009;
Construcción y otros;Haiti;2009;
Construcción y otros;Honduras;2009;
Construcción y otros;México;2009;
Construcción y otros;Nicaragua;2009;74.4
Construcción y otros;Panamá;2009;
Construcción y otros;Paraguay;2009;1024.53
Construcción y otros;Perú;2009;
Construcción y otros;República Dominicana;2009;
Construcción y otros;Uruguay;2009;
Construcción y otros;Venezuela;2009;1202.56185468056
Construcción y otros;Argentina;2010;
Construcción y otros;Bolivia;2010;189.11394446
Construcción y otros;Brasil;2010;39303.9151013436
Construcción y otros;Chile;2010;
Construcción y otros;Colombia;2010;964.069749901871
Construcción y otros;Costa Rica;2010;64.1617754951249
Construcción y otros;Cuba;2010;2580.4
Construcción y otros;Ecuador;2010;347.120791595
Construcción y otros;El Salvador;2010;9.04103360006239
Construcción y otros;Guatemala;2010;
Construcción y otros;Haiti;2010;
Construcción y otros;Honduras;2010;
Construcción y otros;México;2010;
Construcción y otros;Nicaragua;2010;76.1
Construcción y otros;Panamá;2010;
Construcción y otros;Paraguay;2010;1131.88
Construcción y otros;Perú;2010;
Construcción y otros;República Dominicana;2010;
Construcción y otros;Uruguay;2010;
Construcción y otros;Venezuela;2010;1052.20154294194
Construcción y otros;Argentina;2011;
Construcción y otros;Bolivia;2011;203.16620948
Construcción y otros;Brasil;2011;42097.44518399271
Construcción y otros;Chile;2011;
Construcción y otros;Colombia;2011;1335.68827070633
Construcción y otros;Costa Rica;2011;64.9390471406866
Construcción y otros;Cuba;2011;2451.3
Construcción y otros;Ecuador;2011;457.643633065
Construcción y otros;El Salvador;2011;9.26705944006395
Construcción y otros;Guatemala;2011;
Construcción y otros;Haiti;2011;
Construcción y otros;Honduras;2011;
Construcción y otros;México;2011;
Construcción y otros;Nicaragua;2011;78.2
Construcción y otros;Panamá;2011;
Construcción y otros;Paraguay;2011;1251.27
Construcción y otros;Perú;2011;
Construcción y otros;República Dominicana;2011;
Construcción y otros;Uruguay;2011;
Construcción y otros;Venezuela;2011;1074.78131563714
Construcción y otros;Argentina;2012;
Construcción y otros;Bolivia;2012;258.0812591265091
Construcción y otros;Brasil;2012;42495.10148755036
Construcción y otros;Chile;2012;
Construcción y otros;Colombia;2012;2344.19501827226
Construcción y otros;Costa Rica;2012;67.6223963053974
Construcción y otros;Cuba;2012;2549.6
Construcción y otros;Ecuador;2012;473.456483571
Construcción y otros;El Salvador;2012;9.26705944006395
Construcción y otros;Guatemala;2012;
Construcción y otros;Haiti;2012;40.9
Construcción y otros;Honduras;2012;
Construcción y otros;México;2012;
Construcción y otros;Nicaragua;2012;80.1
Construcción y otros;Panamá;2012;
Construcción y otros;Paraguay;2012;1318.22
Construcción y otros;Perú;2012;
Construcción y otros;República Dominicana;2012;
Construcción y otros;Uruguay;2012;
Construcción y otros;Venezuela;2012;1044.82270721896
Construcción y otros;Argentina;2013;
Construcción y otros;Bolivia;2013;234.6692405078885
Construcción y otros;Brasil;2013;45588.36299297883
Construcción y otros;Chile;2013;
Construcción y otros;Colombia;2013;2631.94860931441
Construcción y otros;Costa Rica;2013;68.6589233909771
Construcción y otros;Cuba;2013;2717.8
Construcción y otros;Ecuador;2013;623.182517187
Construcción y otros;El Salvador;2013;58.3699300515379
Construcción y otros;Guatemala;2013;
Construcción y otros;Haiti;2013;82.17
Construcción y otros;Honduras;2013;
Construcción y otros;México;2013;
Construcción y otros;Nicaragua;2013;83.8
Construcción y otros;Panamá;2013;
Construcción y otros;Paraguay;2013;1650.12
Construcción y otros;Perú;2013;
Construcción y otros;República Dominicana;2013;
Construcción y otros;Uruguay;2013;
Construcción y otros;Venezuela;2013;1033.60033422638
Construcción y otros;Argentina;2014;
Construcción y otros;Bolivia;2014;177.4715307209191
Construcción y otros;Brasil;2014;45211.50683990825
Construcción y otros;Chile;2014;
Construcción y otros;Colombia;2014;3175.88449482749
Construcción y otros;Costa Rica;2014;68.9021405608736
Construcción y otros;Cuba;2014;2835.1
Construcción y otros;Ecuador;2014;579.220088142
Construcción y otros;El Salvador;2014;33.6321977916004
Construcción y otros;Guatemala;2014;
Construcción y otros;Haiti;2014;90.83
Construcción y otros;Honduras;2014;
Construcción y otros;México;2014;
Construcción y otros;Nicaragua;2014;87.5
Construcción y otros;Panamá;2014;
Construcción y otros;Paraguay;2014;1907.9
Construcción y otros;Perú;2014;
Construcción y otros;República Dominicana;2014;
Construcción y otros;Uruguay;2014;
Construcción y otros;Venezuela;2014;184.46
Construcción y otros;Argentina;2015;
Construcción y otros;Bolivia;2015;187.2954728250582
Construcción y otros;Brasil;2015;44928.43701115955
Construcción y otros;Chile;2015;
Construcción y otros;Colombia;2015;3086.31500871286
Construcción y otros;Costa Rica;2015;70.3775327279151
Construcción y otros;Cuba;2015;2985.02
Construcción y otros;Ecuador;2015;594.347806281
Construcción y otros;El Salvador;2015;33.9101498394649
Construcción y otros;Guatemala;2015;
Construcción y otros;Haiti;2015;91.1015698265102
Construcción y otros;Honduras;2015;
Construcción y otros;México;2015;
Construcción y otros;Nicaragua;2015;101.2
Construcción y otros;Panamá;2015;
Construcción y otros;Paraguay;2015;2024.36859
Construcción y otros;Perú;2015;
Construcción y otros;República Dominicana;2015;
Construcción y otros;Uruguay;2015;
Construcción y otros;Venezuela;2015;202.55
Construcción y otros;Argentina;2016;
Construcción y otros;Bolivia;2016;199.12026941
Construcción y otros;Brasil;2016;42892.36896573449
Construcción y otros;Chile;2016;
Construcción y otros;Colombia;2016;4721.54325484119
Construcción y otros;Costa Rica;2016;73.546214216159
Construcción y otros;Cuba;2016;2816.8
Construcción y otros;Ecuador;2016;371.935758579
Construcción y otros;El Salvador;2016;33.6321977916004
Construcción y otros;Guatemala;2016;
Construcción y otros;Haiti;2016;92.4133484781783
Construcción y otros;Honduras;2016;
Construcción y otros;México;2016;
Construcción y otros;Nicaragua;2016;111.6
Construcción y otros;Panamá;2016;
Construcción y otros;Paraguay;2016;2089.56359076251
Construcción y otros;Perú;2016;
Construcción y otros;República Dominicana;2016;
Construcción y otros;Uruguay;2016;
Construcción y otros;Venezuela;2016;123.98
Construcción y otros;Argentina;2017;
Construcción y otros;Bolivia;2017;202.4226945999999
Construcción y otros;Brasil;2017;42447.85331446276
Construcción y otros;Chile;2017;80.859046
Construcción y otros;Colombia;2017;3165.99970019134
Construcción y otros;Costa Rica;2017;74.5078692857905
Construcción y otros;Cuba;2017;2682.4
Construcción y otros;Ecuador;2017;399.452869063
Construcción y otros;El Salvador;2017;0.555904095728932
Construcción y otros;Guatemala;2017;
Construcción y otros;Haiti;2017;93.4986411448707
Construcción y otros;Honduras;2017;
Construcción y otros;México;2017;
Construcción y otros;Nicaragua;2017;121.8
Construcción y otros;Panamá;2017;
Construcción y otros;Paraguay;2017;2215.47883711611
Construcción y otros;Perú;2017;
Construcción y otros;República Dominicana;2017;
Construcción y otros;Uruguay;2017;
Construcción y otros;Venezuela;2017;102.46
Construcción y otros;Argentina;2018;
Construcción y otros;Bolivia;2018;201.5830283599999
Construcción y otros;Brasil;2018;44842.12221482486
Construcción y otros;Chile;2018;164.88239
Construcción y otros;Colombia;2018;3118.2873252161
Construcción y otros;Costa Rica;2018;74.1917778090009
Construcción y otros;Cuba;2018;2590.8
Construcción y otros;Ecuador;2018;559.499500979
Construcción y otros;El Salvador;2018;0.555904095728932
Construcción y otros;Guatemala;2018;
Construcción y otros;Haiti;2018;94.8860516188701
Construcción y otros;Honduras;2018;
Construcción y otros;México;2018;
Construcción y otros;Nicaragua;2018;128.4
Construcción y otros;Panamá;2018;
Construcción y otros;Paraguay;2018;2431.77767668811
Construcción y otros;Perú;2018;
Construcción y otros;República Dominicana;2018;
Construcción y otros;Uruguay;2018;
Construcción y otros;Venezuela;2018;81.44135037
Construcción y otros;Argentina;2019;
Construcción y otros;Bolivia;2019;221.3469582399999
Construcción y otros;Brasil;2019;46104.5428433301
Construcción y otros;Chile;2019;180.38273552315
Construcción y otros;Colombia;2019;2961.70086990429
Construcción y otros;Costa Rica;2019;75.2112547117994
Construcción y otros;Cuba;2019;2094.79249
Construcción y otros;Ecuador;2019;514.910238109
Construcción y otros;El Salvador;2019;0.555904095728932
Construcción y otros;Guatemala;2019;
Construcción y otros;Haiti;2019;96.2940496415204
Construcción y otros;Honduras;2019;
Construcción y otros;México;2019;
Construcción y otros;Nicaragua;2019;128.9
Construcción y otros;Panamá;2019;
Construcción y otros;Paraguay;2019;2591.81526845993
Construcción y otros;Perú;2019;
Construcción y otros;República Dominicana;2019;
Construcción y otros;Uruguay;2019;
Construcción y otros;Venezuela;2019;35.59593939
Construcción y otros;Argentina;2020;
Construcción y otros;Bolivia;2020;247.1309791090058
Construcción y otros;Brasil;2020;44347.65289367313
Construcción y otros;Chile;2020;56.629212
Construcción y otros;Colombia;2020;5070.66859152835
Construcción y otros;Costa Rica;2020;69.6611347652309
Construcción y otros;Cuba;2020;2152.91678
Construcción y otros;Ecuador;2020;552.817047324
Construcción y otros;El Salvador;2020;0.555904095728932
Construcción y otros;Guatemala;2020;
Construcción y otros;Haiti;2020;93.1163460033499
Construcción y otros;Honduras;2020;
Construcción y otros;México;2020;
Construcción y otros;Nicaragua;2020;129.7
Construcción y otros;Panamá;2020;
Construcción y otros;Paraguay;2020;2660.01970634303
Construcción y otros;Perú;2020;
Construcción y otros;República Dominicana;2020;
Construcción y otros;Uruguay;2020;
Construcción y otros;Venezuela;2020;34.98443455603338
Construcción y otros;Argentina;2021;
Construcción y otros;Bolivia;2021;260.79527407
Construcción y otros;Brasil;2021;49878.54154482658
Construcción y otros;Chile;2021;22.655881
Construcción y otros;Colombia;2021;5571.26977310005
Construcción y otros;Costa Rica;2021;75.1143065190011
Construcción y otros;Cuba;2021;2426.65394
Construcción y otros;Ecuador;2021;627.615793857
Construcción y otros;El Salvador;2021;53.0
Construcción y otros;Guatemala;2021;
Construcción y otros;Haiti;2021;84.7895867385523
Construcción y otros;Honduras;2021;
Construcción y otros;México;2021;83496.822856
Construcción y otros;Nicaragua;2021;129.1
Construcción y otros;Panamá;2021;
Construcción y otros;Paraguay;2021;2734.95
Construcción y otros;Perú;2021;
Construcción y otros;República Dominicana;2021;
Construcción y otros;Uruguay;2021;
Construcción y otros;Venezuela;2021;34.35159790631865
