Fuente;País;Año;Valor
Hidro;Argentina;2000;28761.823
Térmica no renovable;Argentina;2000;46084.636
Nuclear;Argentina;2000;6177.108
Geotermia;Argentina;2000;
Eólica;Argentina;2000;34.758
Solar;Argentina;2000;0.036
Otros;Argentina;2000;
Térmica renovable;Argentina;2000;
Total;Argentina;2000;81058.361
Hidro;Bolivia;2000;1920.84868
Térmica no renovable;Bolivia;2000;1746.012643
Nuclear;Bolivia;2000;
Geotermia;Bolivia;2000;
Eólica;Bolivia;2000;0.0
Solar;Bolivia;2000;0.0
Otros;Bolivia;2000;
Térmica renovable;Bolivia;2000;0.0
Total;Bolivia;2000;3666.861323
Hidro;Brasil;2000;304403.275984
Térmica no renovable;Brasil;2000;30615.49979906588
Nuclear;Brasil;2000;6046.0
Geotermia;Brasil;2000;0.0
Eólica;Brasil;2000;1.0
Solar;Brasil;2000;0.0
Otros;Brasil;2000;0.0
Térmica renovable;Brasil;2000;7855.363
Total;Brasil;2000;348921.1387830659
Hidro;Chile;2000;18481.01202
Térmica no renovable;Chile;2000;19349.439059
Nuclear;Chile;2000;
Geotermia;Chile;2000;0.0
Eólica;Chile;2000;0.0
Solar;Chile;2000;0.0
Otros;Chile;2000;
Térmica renovable;Chile;2000;1073.52658
Total;Chile;2000;38903.97765899999
Hidro;Colombia;2000;31074.28424430007
Térmica no renovable;Colombia;2000;10099.02322904
Nuclear;Colombia;2000;
Geotermia;Colombia;2000;
Eólica;Colombia;2000;0.0
Solar;Colombia;2000;0.0
Otros;Colombia;2000;
Térmica renovable;Colombia;2000;104.78856
Total;Colombia;2000;41278.09603334007
Hidro;Costa Rica;2000;5880.662424
Térmica no renovable;Costa Rica;2000;64.427386
Nuclear;Costa Rica;2000;0.0
Geotermia;Costa Rica;2000;976.495294
Eólica;Costa Rica;2000;0.0
Solar;Costa Rica;2000;0.0
Otros;Costa Rica;2000;0.0
Térmica renovable;Costa Rica;2000;11.726892
Total;Costa Rica;2000;6933.311996
Hidro;Cuba;2000;89.0
Térmica no renovable;Cuba;2000;13999.0
Nuclear;Cuba;2000;
Geotermia;Cuba;2000;
Eólica;Cuba;2000;0.0
Solar;Cuba;2000;0.0
Otros;Cuba;2000;
Térmica renovable;Cuba;2000;944.2
Total;Cuba;2000;15032.2
Hidro;Ecuador;2000;7611.231425514995
Térmica no renovable;Ecuador;2000;3001.207691801002
Nuclear;Ecuador;2000;0.0
Geotermia;Ecuador;2000;0.0
Eólica;Ecuador;2000;
Solar;Ecuador;2000;0.0
Otros;Ecuador;2000;
Térmica renovable;Ecuador;2000;0.0
Total;Ecuador;2000;10612.439117316
Hidro;El Salvador;2000;1170.0
Térmica no renovable;El Salvador;2000;1416.0
Nuclear;El Salvador;2000;
Geotermia;El Salvador;2000;739.0
Eólica;El Salvador;2000;
Solar;El Salvador;2000;
Otros;El Salvador;2000;
Térmica renovable;El Salvador;2000;
Total;El Salvador;2000;3325.0
Hidro;Guatemala;2000;2669.9
Térmica no renovable;Guatemala;2000;3075.3
Nuclear;Guatemala;2000;
Geotermia;Guatemala;2000;202.2
Eólica;Guatemala;2000;0.0
Solar;Guatemala;2000;0.0
Otros;Guatemala;2000;
Térmica renovable;Guatemala;2000;
Total;Guatemala;2000;5947.400000000001
Hidro;Haiti;2000;283.0
Térmica no renovable;Haiti;2000;286.2361601508546
Nuclear;Haiti;2000;
Geotermia;Haiti;2000;
Eólica;Haiti;2000;
Solar;Haiti;2000;
Otros;Haiti;2000;
Térmica renovable;Haiti;2000;
Total;Haiti;2000;569.2361601508546
Hidro;Honduras;2000;2262.3
Térmica no renovable;Honduras;2000;1476.6
Nuclear;Honduras;2000;
Geotermia;Honduras;2000;
Eólica;Honduras;2000;0.0
Solar;Honduras;2000;0.0
Otros;Honduras;2000;
Térmica renovable;Honduras;2000;0.5
Total;Honduras;2000;3739.4
Hidro;México;2000;33074.874104
Térmica no renovable;México;2000;145516.267132
Nuclear;México;2000;8220.933629
Geotermia;México;2000;5901.281077
Eólica;México;2000;7.622108
Solar;México;2000;0.0
Otros;México;2000;
Térmica renovable;México;2000;
Total;México;2000;192720.97805
Hidro;Nicaragua;2000;209.54793
Térmica no renovable;Nicaragua;2000;1847.90193477
Nuclear;Nicaragua;2000;
Geotermia;Nicaragua;2000;134.155
Eólica;Nicaragua;2000;0.0
Solar;Nicaragua;2000;0.0
Otros;Nicaragua;2000;
Térmica renovable;Nicaragua;2000;71.08564199999999
Total;Nicaragua;2000;2262.69050677
Hidro;Panamá;2000;3418.0
Térmica no renovable;Panamá;2000;1468.6
Nuclear;Panamá;2000;
Geotermia;Panamá;2000;
Eólica;Panamá;2000;
Solar;Panamá;2000;
Otros;Panamá;2000;
Térmica renovable;Panamá;2000;
Total;Panamá;2000;4886.6
Hidro;Paraguay;2000;53481.4
Térmica no renovable;Paraguay;2000;0.82
Nuclear;Paraguay;2000;
Geotermia;Paraguay;2000;
Eólica;Paraguay;2000;
Solar;Paraguay;2000;
Otros;Paraguay;2000;
Térmica renovable;Paraguay;2000;
Total;Paraguay;2000;53482.22
Hidro;Perú;2000;16176.051366
Térmica no renovable;Perú;2000;3745.800271999999
Nuclear;Perú;2000;
Geotermia;Perú;2000;
Eólica;Perú;2000;0.8457
Solar;Perú;2000;
Otros;Perú;2000;
Térmica renovable;Perú;2000;
Total;Perú;2000;19922.697338
Hidro;República Dominicana;2000;933.6695080000001
Térmica no renovable;República Dominicana;2000;12180.18966752602
Nuclear;República Dominicana;2000;
Geotermia;República Dominicana;2000;
Eólica;República Dominicana;2000;
Solar;República Dominicana;2000;
Otros;República Dominicana;2000;
Térmica renovable;República Dominicana;2000;
Total;República Dominicana;2000;13113.85917552602
Hidro;Uruguay;2000;7050.668
Térmica no renovable;Uruguay;2000;495.055827
Nuclear;Uruguay;2000;
Geotermia;Uruguay;2000;
Eólica;Uruguay;2000;
Solar;Uruguay;2000;
Otros;Uruguay;2000;
Térmica renovable;Uruguay;2000;42.221
Total;Uruguay;2000;7587.944826999999
Hidro;Venezuela;2000;62826.0
Térmica no renovable;Venezuela;2000;22385.30004882812
Nuclear;Venezuela;2000;
Geotermia;Venezuela;2000;
Eólica;Venezuela;2000;0.0
Solar;Venezuela;2000;0.0
Otros;Venezuela;2000;
Térmica renovable;Venezuela;2000;
Total;Venezuela;2000;85211.30004882812
Hidro;Argentina;2001;36949.15
Térmica no renovable;Argentina;2001;38929.416
Nuclear;Argentina;2001;7058.638
Geotermia;Argentina;2001;
Eólica;Argentina;2001;49.361
Solar;Argentina;2001;0.043
Otros;Argentina;2001;
Térmica renovable;Argentina;2001;
Total;Argentina;2001;82986.60800000001
Hidro;Bolivia;2001;2129.002875577835
Térmica no renovable;Bolivia;2001;1632.81912331
Nuclear;Bolivia;2001;
Geotermia;Bolivia;2001;
Eólica;Bolivia;2001;0.0
Solar;Bolivia;2001;0.0
Otros;Bolivia;2001;
Térmica renovable;Bolivia;2001;0.0
Total;Bolivia;2001;3761.821998887835
Hidro;Brasil;2001;267876.0
Térmica no renovable;Brasil;2001;37339.05872964075
Nuclear;Brasil;2001;14279.0
Geotermia;Brasil;2001;0.0
Eólica;Brasil;2001;35.0
Solar;Brasil;2001;0.0
Otros;Brasil;2001;0.0
Térmica renovable;Brasil;2001;9022.407
Total;Brasil;2001;328551.4657296407
Hidro;Chile;2001;21028.10875
Térmica no renovable;Chile;2001;18727.619568
Nuclear;Chile;2001;
Geotermia;Chile;2001;0.0
Eólica;Chile;2001;0.0
Solar;Chile;2001;0.0
Otros;Chile;2001;
Térmica renovable;Chile;2001;860.7594999999999
Total;Chile;2001;40616.487818
Hidro;Colombia;2001;32438.92545013999
Térmica no renovable;Colombia;2001;10509.71598766
Nuclear;Colombia;2001;
Geotermia;Colombia;2001;
Eólica;Colombia;2001;0.0
Solar;Colombia;2001;0.0
Otros;Colombia;2001;
Térmica renovable;Colombia;2001;99.081387
Total;Colombia;2001;43047.72282479999
Hidro;Costa Rica;2001;5843.25465
Térmica no renovable;Costa Rica;2001;99.957074
Nuclear;Costa Rica;2001;0.0
Geotermia;Costa Rica;2001;986.281277
Eólica;Costa Rica;2001;0.415156
Solar;Costa Rica;2001;0.0
Otros;Costa Rica;2001;0.0
Térmica renovable;Costa Rica;2001;10.142301
Total;Costa Rica;2001;6940.050458
Hidro;Cuba;2001;75.0
Térmica no renovable;Cuba;2001;14294.5
Nuclear;Cuba;2001;
Geotermia;Cuba;2001;
Eólica;Cuba;2001;0.0
Solar;Cuba;2001;0.0
Otros;Cuba;2001;
Térmica renovable;Cuba;2001;930.3
Total;Cuba;2001;15299.8
Hidro;Ecuador;2001;7070.652628788005
Térmica no renovable;Ecuador;2001;3979.148519787
Nuclear;Ecuador;2001;0.0
Geotermia;Ecuador;2001;0.0
Eólica;Ecuador;2001;
Solar;Ecuador;2001;0.0
Otros;Ecuador;2001;
Térmica renovable;Ecuador;2001;0.0
Total;Ecuador;2001;11049.801148575
Hidro;El Salvador;2001;1158.0
Térmica no renovable;El Salvador;2001;1691.0
Nuclear;El Salvador;2001;
Geotermia;El Salvador;2001;907.0
Eólica;El Salvador;2001;
Solar;El Salvador;2001;
Otros;El Salvador;2001;
Térmica renovable;El Salvador;2001;
Total;El Salvador;2001;3756.0
Hidro;Guatemala;2001;2264.32
Térmica no renovable;Guatemala;2001;3314.25
Nuclear;Guatemala;2001;
Geotermia;Guatemala;2001;193.68
Eólica;Guatemala;2001;0.0
Solar;Guatemala;2001;0.0
Otros;Guatemala;2001;
Térmica renovable;Guatemala;2001;
Total;Guatemala;2001;5772.25
Hidro;Haiti;2001;283.0
Térmica no renovable;Haiti;2001;286.2375524509714
Nuclear;Haiti;2001;
Geotermia;Haiti;2001;
Eólica;Haiti;2001;
Solar;Haiti;2001;
Otros;Haiti;2001;
Térmica renovable;Haiti;2001;
Total;Haiti;2001;569.2375524509714
Hidro;Honduras;2001;1904.0
Térmica no renovable;Honduras;2001;2055.1
Nuclear;Honduras;2001;
Geotermia;Honduras;2001;
Eólica;Honduras;2001;0.0
Solar;Honduras;2001;0.0
Otros;Honduras;2001;
Térmica renovable;Honduras;2001;0.0
Total;Honduras;2001;3959.1
Hidro;México;2001;28435.309138
Térmica no renovable;México;2001;154371.603563
Nuclear;México;2001;8726.277756
Geotermia;México;2001;5566.758339
Eólica;México;2001;6.511879
Solar;México;2001;0.0
Otros;México;2001;
Térmica renovable;México;2001;
Total;México;2001;197106.460675
Hidro;Nicaragua;2001;196.80345
Térmica no renovable;Nicaragua;2001;2021.22599961
Nuclear;Nicaragua;2001;
Geotermia;Nicaragua;2001;206.078
Eólica;Nicaragua;2001;0.0
Solar;Nicaragua;2001;0.0
Otros;Nicaragua;2001;
Térmica renovable;Nicaragua;2001;47.819438
Total;Nicaragua;2001;2471.92688761
Hidro;Panamá;2001;2499.2
Térmica no renovable;Panamá;2001;2625.3
Nuclear;Panamá;2001;
Geotermia;Panamá;2001;
Eólica;Panamá;2001;
Solar;Panamá;2001;
Otros;Panamá;2001;
Térmica renovable;Panamá;2001;
Total;Panamá;2001;5124.5
Hidro;Paraguay;2001;45308.0
Térmica no renovable;Paraguay;2001;0.48
Nuclear;Paraguay;2001;
Geotermia;Paraguay;2001;
Eólica;Paraguay;2001;
Solar;Paraguay;2001;
Otros;Paraguay;2001;
Térmica renovable;Paraguay;2001;
Total;Paraguay;2001;45308.48
Hidro;Perú;2001;17614.9602
Térmica no renovable;Perú;2001;3153.901366415
Nuclear;Perú;2001;
Geotermia;Perú;2001;
Eólica;Perú;2001;1.2264
Solar;Perú;2001;
Otros;Perú;2001;
Térmica renovable;Perú;2001;15.848750585
Total;Perú;2001;20785.936717
Hidro;República Dominicana;2001;696.0
Térmica no renovable;República Dominicana;2001;8739.0
Nuclear;República Dominicana;2001;
Geotermia;República Dominicana;2001;
Eólica;República Dominicana;2001;
Solar;República Dominicana;2001;
Otros;República Dominicana;2001;
Térmica renovable;República Dominicana;2001;
Total;República Dominicana;2001;9435.0
Hidro;Uruguay;2001;9193.773
Térmica no renovable;Uruguay;2001;14.966288
Nuclear;Uruguay;2001;
Geotermia;Uruguay;2001;
Eólica;Uruguay;2001;
Solar;Uruguay;2001;
Otros;Uruguay;2001;
Térmica renovable;Uruguay;2001;40.773
Total;Uruguay;2001;9249.512287999998
Hidro;Venezuela;2001;60449.0
Térmica no renovable;Venezuela;2001;29524.30004882812
Nuclear;Venezuela;2001;
Geotermia;Venezuela;2001;
Eólica;Venezuela;2001;0.0
Solar;Venezuela;2001;0.0
Otros;Venezuela;2001;
Térmica renovable;Venezuela;2001;
Total;Venezuela;2001;89973.30004882812
Hidro;Argentina;2002;35796.813
Térmica no renovable;Argentina;2002;34945.443
Nuclear;Argentina;2002;5820.812
Geotermia;Argentina;2002;
Eólica;Argentina;2002;73.405
Solar;Argentina;2002;0.047
Otros;Argentina;2002;
Térmica renovable;Argentina;2002;
Total;Argentina;2002;76636.52
Hidro;Bolivia;2002;2202.65853556524
Térmica no renovable;Bolivia;2002;1756.503045346707
Nuclear;Bolivia;2002;
Geotermia;Bolivia;2002;
Eólica;Bolivia;2002;0.0
Solar;Bolivia;2002;0.0
Otros;Bolivia;2002;
Térmica renovable;Bolivia;2002;1.2
Total;Bolivia;2002;3960.361580911947
Hidro;Brasil;2002;286092.2
Térmica no renovable;Brasil;2002;35463.2777590876
Nuclear;Brasil;2002;13836.0
Geotermia;Brasil;2002;0.0
Eólica;Brasil;2002;61.0
Solar;Brasil;2002;0.0
Otros;Brasil;2002;0.0
Térmica renovable;Brasil;2002;10270.1469647577
Total;Brasil;2002;345722.6247238453
Hidro;Chile;2002;22497.656615
Térmica no renovable;Chile;2002;19054.96114022196
Nuclear;Chile;2002;
Geotermia;Chile;2002;0.0
Eólica;Chile;2002;0.0
Solar;Chile;2002;0.0
Otros;Chile;2002;
Térmica renovable;Chile;2002;818.2795000000001
Total;Chile;2002;42370.89725522196
Hidro;Colombia;2002;34670.2430725399
Térmica no renovable;Colombia;2002;9962.021326189999
Nuclear;Colombia;2002;
Geotermia;Colombia;2002;
Eólica;Colombia;2002;0.0
Solar;Colombia;2002;0.0
Otros;Colombia;2002;
Térmica renovable;Colombia;2002;102.86308
Total;Colombia;2002;44735.1274787299
Hidro;Costa Rica;2002;6170.110372
Térmica no renovable;Costa Rica;2002;122.351485
Nuclear;Costa Rica;2002;0.0
Geotermia;Costa Rica;2002;1120.961682
Eólica;Costa Rica;2002;59.127272
Solar;Costa Rica;2002;0.0
Otros;Costa Rica;2002;0.0
Térmica renovable;Costa Rica;2002;11.937951
Total;Costa Rica;2002;7484.488762
Hidro;Cuba;2002;106.4
Térmica no renovable;Cuba;2002;14653.6
Nuclear;Cuba;2002;
Geotermia;Cuba;2002;
Eólica;Cuba;2002;0.3
Solar;Cuba;2002;0.0
Otros;Cuba;2002;
Térmica renovable;Cuba;2002;938.5
Total;Cuba;2002;15698.8
Hidro;Ecuador;2002;7524.256030124
Térmica no renovable;Ecuador;2002;4363.302215681006
Nuclear;Ecuador;2002;0.0
Geotermia;Ecuador;2002;0.0
Eólica;Ecuador;2002;
Solar;Ecuador;2002;0.0
Otros;Ecuador;2002;
Térmica renovable;Ecuador;2002;0.0
Total;Ecuador;2002;11887.558245805
Hidro;El Salvador;2002;1134.0
Térmica no renovable;El Salvador;2002;1909.0
Nuclear;El Salvador;2002;
Geotermia;El Salvador;2002;936.0
Eólica;El Salvador;2002;
Solar;El Salvador;2002;
Otros;El Salvador;2002;
Térmica renovable;El Salvador;2002;
Total;El Salvador;2002;3979.0
Hidro;Guatemala;2002;2110.13
Térmica no renovable;Guatemala;2002;3951.06
Nuclear;Guatemala;2002;
Geotermia;Guatemala;2002;129.99
Eólica;Guatemala;2002;0.0
Solar;Guatemala;2002;0.0
Otros;Guatemala;2002;
Térmica renovable;Guatemala;2002;
Total;Guatemala;2002;6191.18
Hidro;Haiti;2002;260.0
Térmica no renovable;Haiti;2002;246.1289991619981
Nuclear;Haiti;2002;
Geotermia;Haiti;2002;
Eólica;Haiti;2002;
Solar;Haiti;2002;
Otros;Haiti;2002;
Térmica renovable;Haiti;2002;
Total;Haiti;2002;506.1289991619981
Hidro;Honduras;2002;1610.3
Térmica no renovable;Honduras;2002;2551.7
Nuclear;Honduras;2002;
Geotermia;Honduras;2002;
Eólica;Honduras;2002;0.0
Solar;Honduras;2002;0.0
Otros;Honduras;2002;
Térmica renovable;Honduras;2002;4.2
Total;Honduras;2002;4166.2
Hidro;México;2002;24861.656155
Térmica no renovable;México;2002;160349.828574
Nuclear;México;2002;9746.62112
Geotermia;México;2002;5397.615851
Eólica;México;2002;6.666589
Solar;México;2002;
Otros;México;2002;
Térmica renovable;México;2002;
Total;México;2002;200362.388289
Hidro;Nicaragua;2002;303.80271158
Térmica no renovable;Nicaragua;2002;1975.182321538
Nuclear;Nicaragua;2002;
Geotermia;Nicaragua;2002;210.2719905925381
Eólica;Nicaragua;2002;0.0
Solar;Nicaragua;2002;0.0
Otros;Nicaragua;2002;
Térmica renovable;Nicaragua;2002;130.685985
Total;Nicaragua;2002;2619.943008710538
Hidro;Panamá;2002;3400.7
Térmica no renovable;Panamá;2002;1891.6
Nuclear;Panamá;2002;
Geotermia;Panamá;2002;
Eólica;Panamá;2002;
Solar;Panamá;2002;
Otros;Panamá;2002;
Térmica renovable;Panamá;2002;
Total;Panamá;2002;5292.299999999999
Hidro;Paraguay;2002;48202.7
Térmica no renovable;Paraguay;2002;0.51
Nuclear;Paraguay;2002;
Geotermia;Paraguay;2002;
Eólica;Paraguay;2002;
Solar;Paraguay;2002;
Otros;Paraguay;2002;
Térmica renovable;Paraguay;2002;
Total;Paraguay;2002;48203.21
Hidro;Perú;2002;18040.127915
Térmica no renovable;Perú;2002;3922.80565700001
Nuclear;Perú;2002;
Geotermia;Perú;2002;
Eólica;Perú;2002;1.2264
Solar;Perú;2002;
Otros;Perú;2002;
Térmica renovable;Perú;2002;18.1632
Total;Perú;2002;21982.32317200001
Hidro;República Dominicana;2002;871.0
Térmica no renovable;República Dominicana;2002;9211.0
Nuclear;República Dominicana;2002;
Geotermia;República Dominicana;2002;
Eólica;República Dominicana;2002;
Solar;República Dominicana;2002;
Otros;República Dominicana;2002;
Térmica renovable;República Dominicana;2002;
Total;República Dominicana;2002;10082.0
Hidro;Uruguay;2002;9535.259
Térmica no renovable;Uruguay;2002;26.426
Nuclear;Uruguay;2002;
Geotermia;Uruguay;2002;
Eólica;Uruguay;2002;
Solar;Uruguay;2002;
Otros;Uruguay;2002;
Térmica renovable;Uruguay;2002;0.0
Total;Uruguay;2002;9561.685
Hidro;Venezuela;2002;57835.76403
Térmica no renovable;Venezuela;2002;29569.74109695313
Nuclear;Venezuela;2002;
Geotermia;Venezuela;2002;
Eólica;Venezuela;2002;0.0
Solar;Venezuela;2002;0.0
Otros;Venezuela;2002;
Térmica renovable;Venezuela;2002;
Total;Venezuela;2002;87405.50512695312
Hidro;Argentina;2003;33737.251
Térmica no renovable;Argentina;2003;42305.791
Nuclear;Argentina;2003;7566.289
Geotermia;Argentina;2003;
Eólica;Argentina;2003;77.954
Solar;Argentina;2003;0.065
Otros;Argentina;2003;
Térmica renovable;Argentina;2003;
Total;Argentina;2003;83687.34999999999
Hidro;Bolivia;2003;1987.06786360235
Térmica no renovable;Bolivia;2003;2096.724858726843
Nuclear;Bolivia;2003;
Geotermia;Bolivia;2003;
Eólica;Bolivia;2003;0.0
Solar;Bolivia;2003;0.0
Otros;Bolivia;2003;
Térmica renovable;Bolivia;2003;0.8973524599999935
Total;Bolivia;2003;4084.690074789193
Hidro;Brasil;2003;305616.0
Térmica no renovable;Brasil;2003;33410.175
Nuclear;Brasil;2003;13358.0
Geotermia;Brasil;2003;0.0
Eólica;Brasil;2003;61.0
Solar;Brasil;2003;0.0
Otros;Brasil;2003;0.0
Térmica renovable;Brasil;2003;11939.463
Total;Brasil;2003;364384.638
Hidro;Chile;2003;21837.117749
Térmica no renovable;Chile;2003;22485.56354416667
Nuclear;Chile;2003;
Geotermia;Chile;2003;0.0
Eólica;Chile;2003;0.0
Solar;Chile;2003;0.0
Otros;Chile;2003;
Térmica renovable;Chile;2003;809.54464
Total;Chile;2003;45132.22593316666
Hidro;Colombia;2003;37196.64783717997
Térmica no renovable;Colombia;2003;9432.27798703
Nuclear;Colombia;2003;
Geotermia;Colombia;2003;
Eólica;Colombia;2003;0.0
Solar;Colombia;2003;0.0
Otros;Colombia;2003;
Térmica renovable;Colombia;2003;105.27029
Total;Colombia;2003;46734.19611420998
Hidro;Costa Rica;2003;6121.787717
Térmica no renovable;Costa Rica;2003;157.106792
Nuclear;Costa Rica;2003;0.0
Geotermia;Costa Rica;2003;1124.166784
Eólica;Costa Rica;2003;230.025876
Solar;Costa Rica;2003;0.0
Otros;Costa Rica;2003;0.0
Térmica renovable;Costa Rica;2003;0.932778
Total;Costa Rica;2003;7634.019947
Hidro;Cuba;2003;127.7
Térmica no renovable;Cuba;2003;14962.3
Nuclear;Cuba;2003;
Geotermia;Cuba;2003;
Eólica;Cuba;2003;0.4
Solar;Cuba;2003;0.0
Otros;Cuba;2003;
Térmica renovable;Cuba;2003;720.1
Total;Cuba;2003;15810.5
Hidro;Ecuador;2003;7180.416910382997
Térmica no renovable;Ecuador;2003;4365.714873455998
Nuclear;Ecuador;2003;0.0
Geotermia;Ecuador;2003;0.0
Eólica;Ecuador;2003;
Solar;Ecuador;2003;0.0
Otros;Ecuador;2003;
Térmica renovable;Ecuador;2003;0.0
Total;Ecuador;2003;11546.131783839
Hidro;El Salvador;2003;1460.0
Térmica no renovable;El Salvador;2003;1785.0
Nuclear;El Salvador;2003;
Geotermia;El Salvador;2003;966.0
Eólica;El Salvador;2003;
Solar;El Salvador;2003;
Otros;El Salvador;2003;
Térmica renovable;El Salvador;2003;
Total;El Salvador;2003;4211.0
Hidro;Guatemala;2003;2176.59
Térmica no renovable;Guatemala;2003;4189.49
Nuclear;Guatemala;2003;
Geotermia;Guatemala;2003;195.02
Eólica;Guatemala;2003;0.0
Solar;Guatemala;2003;0.0
Otros;Guatemala;2003;
Térmica renovable;Guatemala;2003;
Total;Guatemala;2003;6561.1
Hidro;Haiti;2003;255.0
Térmica no renovable;Haiti;2003;268.1235054700915
Nuclear;Haiti;2003;
Geotermia;Haiti;2003;
Eólica;Haiti;2003;
Solar;Haiti;2003;
Otros;Haiti;2003;
Térmica renovable;Haiti;2003;
Total;Haiti;2003;523.1235054700915
Hidro;Honduras;2003;1740.6
Térmica no renovable;Honduras;2003;2058.0
Nuclear;Honduras;2003;
Geotermia;Honduras;2003;0.0
Eólica;Honduras;2003;0.0
Solar;Honduras;2003;0.0
Otros;Honduras;2003;
Térmica renovable;Honduras;2003;20.3
Total;Honduras;2003;3818.900000000001
Hidro;México;2003;19753.19213
Térmica no renovable;México;2003;166053.818809
Nuclear;México;2003;10501.50777
Geotermia;México;2003;6281.658041
Eólica;México;2003;5.373958999999999
Solar;México;2003;
Otros;México;2003;
Térmica renovable;México;2003;
Total;México;2003;202595.550709
Hidro;Nicaragua;2003;297.97502718
Térmica no renovable;Nicaragua;2003;2021.47535048
Nuclear;Nicaragua;2003;
Geotermia;Nicaragua;2003;270.700782
Eólica;Nicaragua;2003;0.0
Solar;Nicaragua;2003;0.0
Otros;Nicaragua;2003;
Térmica renovable;Nicaragua;2003;181.811809
Total;Nicaragua;2003;2771.96296866
Hidro;Panamá;2003;2823.4
Térmica no renovable;Panamá;2003;2753.2
Nuclear;Panamá;2003;
Geotermia;Panamá;2003;
Eólica;Panamá;2003;
Solar;Panamá;2003;
Otros;Panamá;2003;
Térmica renovable;Panamá;2003;
Total;Panamá;2003;5576.6
Hidro;Paraguay;2003;51761.11
Térmica no renovable;Paraguay;2003;0.42
Nuclear;Paraguay;2003;
Geotermia;Paraguay;2003;
Eólica;Paraguay;2003;
Solar;Paraguay;2003;
Otros;Paraguay;2003;
Térmica renovable;Paraguay;2003;
Total;Paraguay;2003;51761.53
Hidro;Perú;2003;18533.720861
Térmica no renovable;Perú;2003;4276.978963
Nuclear;Perú;2003;
Geotermia;Perú;2003;
Eólica;Perú;2003;1.2264
Solar;Perú;2003;
Otros;Perú;2003;
Térmica renovable;Perú;2003;111.42765
Total;Perú;2003;22923.353874
Hidro;República Dominicana;2003;1193.0
Térmica no renovable;República Dominicana;2003;9203.0
Nuclear;República Dominicana;2003;
Geotermia;República Dominicana;2003;
Eólica;República Dominicana;2003;
Solar;República Dominicana;2003;
Otros;República Dominicana;2003;
Térmica renovable;República Dominicana;2003;
Total;República Dominicana;2003;10396.0
Hidro;Uruguay;2003;8529.549
Térmica no renovable;Uruguay;2003;6.604
Nuclear;Uruguay;2003;
Geotermia;Uruguay;2003;
Eólica;Uruguay;2003;
Solar;Uruguay;2003;
Otros;Uruguay;2003;
Térmica renovable;Uruguay;2003;0.0
Total;Uruguay;2003;8536.153
Hidro;Venezuela;2003;58900.7384
Térmica no renovable;Venezuela;2003;30916.17159999999
Nuclear;Venezuela;2003;
Geotermia;Venezuela;2003;
Eólica;Venezuela;2003;0.0
Solar;Venezuela;2003;0.0
Otros;Venezuela;2003;
Térmica renovable;Venezuela;2003;
Total;Venezuela;2003;89816.90999999999
Hidro;Argentina;2004;30445.116
Térmica no renovable;Argentina;2004;52993.118
Nuclear;Argentina;2004;7868.603
Geotermia;Argentina;2004;
Eólica;Argentina;2004;72.445
Solar;Argentina;2004;0.07
Otros;Argentina;2004;
Térmica renovable;Argentina;2004;
Total;Argentina;2004;91379.35200000001
Hidro;Bolivia;2004;2148.679749000001
Térmica no renovable;Bolivia;2004;2125.148055685562
Nuclear;Bolivia;2004;
Geotermia;Bolivia;2004;
Eólica;Bolivia;2004;0.0
Solar;Bolivia;2004;0.0
Otros;Bolivia;2004;
Térmica renovable;Bolivia;2004;1.522355585
Total;Bolivia;2004;4275.350160270563
Hidro;Brasil;2004;320796.9068355
Térmica no renovable;Brasil;2004;42508.45317170318
Nuclear;Brasil;2004;11611.0
Geotermia;Brasil;2004;0.0
Eólica;Brasil;2004;61.0
Solar;Brasil;2004;0.0
Otros;Brasil;2004;0.0
Térmica renovable;Brasil;2004;12515.0557048106
Total;Brasil;2004;387492.4157120138
Hidro;Chile;2004;20874.79138
Térmica no renovable;Chile;2004;26926.49151066667
Nuclear;Chile;2004;
Geotermia;Chile;2004;0.0
Eólica;Chile;2004;0.0
Solar;Chile;2004;0.0
Otros;Chile;2004;
Térmica renovable;Chile;2004;872.6409699999998
Total;Chile;2004;48673.92386066667
Hidro;Colombia;2004;39848.67018374005
Térmica no renovable;Colombia;2004;8546.76743647
Nuclear;Colombia;2004;
Geotermia;Colombia;2004;
Eólica;Colombia;2004;50.71362368999974
Solar;Colombia;2004;0.0
Otros;Colombia;2004;
Térmica renovable;Colombia;2004;115.67670305
Total;Colombia;2004;48561.82794695004
Hidro;Costa Rica;2004;6514.519256
Térmica no renovable;Costa Rica;2004;66.479868
Nuclear;Costa Rica;2004;0.0
Geotermia;Costa Rica;2004;1205.60974
Eólica;Costa Rica;2004;257.537843
Solar;Costa Rica;2004;0.0
Otros;Costa Rica;2004;0.0
Térmica renovable;Costa Rica;2004;17.711079
Total;Costa Rica;2004;8061.857786
Hidro;Cuba;2004;87.6
Térmica no renovable;Cuba;2004;14757.1
Nuclear;Cuba;2004;
Geotermia;Cuba;2004;
Eólica;Cuba;2004;0.4
Solar;Cuba;2004;0.0
Otros;Cuba;2004;
Térmica renovable;Cuba;2004;788.6
Total;Cuba;2004;15633.7
Hidro;Ecuador;2004;7411.699139289
Térmica no renovable;Ecuador;2004;5169.90453906199
Nuclear;Ecuador;2004;0.0
Geotermia;Ecuador;2004;0.0
Eólica;Ecuador;2004;
Solar;Ecuador;2004;0.0
Otros;Ecuador;2004;
Térmica renovable;Ecuador;2004;3.24057
Total;Ecuador;2004;12584.84424835099
Hidro;El Salvador;2004;1382.0
Térmica no renovable;El Salvador;2004;1987.0
Nuclear;El Salvador;2004;
Geotermia;El Salvador;2004;948.0
Eólica;El Salvador;2004;
Solar;El Salvador;2004;
Otros;El Salvador;2004;
Térmica renovable;El Salvador;2004;
Total;El Salvador;2004;4317.0
Hidro;Guatemala;2004;2547.17
Térmica no renovable;Guatemala;2004;4267.85
Nuclear;Guatemala;2004;
Geotermia;Guatemala;2004;194.23
Eólica;Guatemala;2004;0.0
Solar;Guatemala;2004;0.0
Otros;Guatemala;2004;
Térmica renovable;Guatemala;2004;
Total;Guatemala;2004;7009.25
Hidro;Haiti;2004;260.0
Térmica no renovable;Haiti;2004;286.1956581532417
Nuclear;Haiti;2004;
Geotermia;Haiti;2004;
Eólica;Haiti;2004;
Solar;Haiti;2004;
Otros;Haiti;2004;
Térmica renovable;Haiti;2004;
Total;Haiti;2004;546.1956581532417
Hidro;Honduras;2004;1401.3
Térmica no renovable;Honduras;2004;2892.0
Nuclear;Honduras;2004;
Geotermia;Honduras;2004;0.0
Eólica;Honduras;2004;0.0
Solar;Honduras;2004;0.0
Otros;Honduras;2004;
Térmica renovable;Honduras;2004;43.09999999999999
Total;Honduras;2004;4336.400000000001
Hidro;México;2004;25076.38169
Térmica no renovable;México;2004;166165.609075
Nuclear;México;2004;9193.935356
Geotermia;México;2004;6576.804789
Eólica;México;2004;6.146724
Solar;México;2004;
Otros;México;2004;
Térmica renovable;México;2004;
Total;México;2004;207018.877634
Hidro;Nicaragua;2004;321.518772
Térmica no renovable;Nicaragua;2004;2110.972407420001
Nuclear;Nicaragua;2004;
Geotermia;Nicaragua;2004;254.840607
Eólica;Nicaragua;2004;0.0
Solar;Nicaragua;2004;0.0
Otros;Nicaragua;2004;
Térmica renovable;Nicaragua;2004;233.7492579976
Total;Nicaragua;2004;2921.081044417601
Hidro;Panamá;2004;3778.5
Térmica no renovable;Panamá;2004;1981.9
Nuclear;Panamá;2004;
Geotermia;Panamá;2004;
Eólica;Panamá;2004;
Solar;Panamá;2004;
Otros;Panamá;2004;
Térmica renovable;Panamá;2004;
Total;Panamá;2004;5760.4
Hidro;Paraguay;2004;51979.03
Térmica no renovable;Paraguay;2004;0.5
Nuclear;Paraguay;2004;
Geotermia;Paraguay;2004;
Eólica;Paraguay;2004;
Solar;Paraguay;2004;
Otros;Paraguay;2004;
Térmica renovable;Paraguay;2004;
Total;Paraguay;2004;51979.53
Hidro;Perú;2004;17525.33896099999
Térmica no renovable;Perú;2004;6657.529621000001
Nuclear;Perú;2004;
Geotermia;Perú;2004;
Eólica;Perú;2004;1.2264
Solar;Perú;2004;
Otros;Perú;2004;
Térmica renovable;Perú;2004;82.917089
Total;Perú;2004;24267.01207099999
Hidro;República Dominicana;2004;1600.0
Térmica no renovable;República Dominicana;2004;7267.0
Nuclear;República Dominicana;2004;
Geotermia;República Dominicana;2004;
Eólica;República Dominicana;2004;
Solar;República Dominicana;2004;
Otros;República Dominicana;2004;
Térmica renovable;República Dominicana;2004;
Total;República Dominicana;2004;8867.0
Hidro;Uruguay;2004;4780.749
Térmica no renovable;Uruguay;2004;1076.798
Nuclear;Uruguay;2004;
Geotermia;Uruguay;2004;
Eólica;Uruguay;2004;
Solar;Uruguay;2004;
Otros;Uruguay;2004;
Térmica renovable;Uruguay;2004;27.272
Total;Uruguay;2004;5884.819
Hidro;Venezuela;2004;67931.3
Térmica no renovable;Venezuela;2004;26102.26000000001
Nuclear;Venezuela;2004;
Geotermia;Venezuela;2004;
Eólica;Venezuela;2004;0.0
Solar;Venezuela;2004;0.0
Otros;Venezuela;2004;
Térmica renovable;Venezuela;2004;
Total;Venezuela;2004;94033.56000000001
Hidro;Argentina;2005;34192.298
Térmica no renovable;Argentina;2005;55509.85
Nuclear;Argentina;2005;6873.301
Geotermia;Argentina;2005;
Eólica;Argentina;2005;75.381
Solar;Argentina;2005;0.081
Otros;Argentina;2005;
Térmica renovable;Argentina;2005;
Total;Argentina;2005;96650.91100000001
Hidro;Bolivia;2005;1964.4321
Térmica no renovable;Bolivia;2005;2612.263900000001
Nuclear;Bolivia;2005;
Geotermia;Bolivia;2005;
Eólica;Bolivia;2005;0.0
Solar;Bolivia;2005;0.0
Otros;Bolivia;2005;
Térmica renovable;Bolivia;2005;0.0
Total;Bolivia;2005;4576.696000000001
Hidro;Brasil;2005;337456.773014235
Térmica no renovable;Brasil;2005;42035.03285973001
Nuclear;Brasil;2005;9855.0
Geotermia;Brasil;2005;0.0
Eólica;Brasil;2005;92.9
Solar;Brasil;2005;0.0
Otros;Brasil;2005;0.0
Térmica renovable;Brasil;2005;13643.0771699462
Total;Brasil;2005;403082.7830439113
Hidro;Chile;2005;25419.39265
Térmica no renovable;Chile;2005;24627.40161796177
Nuclear;Chile;2005;
Geotermia;Chile;2005;0.0
Eólica;Chile;2005;0.0
Solar;Chile;2005;0.0
Otros;Chile;2005;
Térmica renovable;Chile;2005;575.17021
Total;Chile;2005;50621.96447796177
Hidro;Colombia;2005;40978.95421124999
Térmica no renovable;Colombia;2005;9292.096998730001
Nuclear;Colombia;2005;
Geotermia;Colombia;2005;
Eólica;Colombia;2005;49.55056065999973
Solar;Colombia;2005;0.0
Otros;Colombia;2005;
Térmica renovable;Colombia;2005;109.15740739
Total;Colombia;2005;50429.75917802999
Hidro;Costa Rica;2005;6565.39607
Térmica no renovable;Costa Rica;2005;270.862644
Nuclear;Costa Rica;2005;0.0
Geotermia;Costa Rica;2005;1147.712216
Eólica;Costa Rica;2005;203.571908
Solar;Costa Rica;2005;0.0
Otros;Costa Rica;2005;0.0
Térmica renovable;Costa Rica;2005;24.608738
Total;Costa Rica;2005;8212.151576
Hidro;Cuba;2005;67.7
Térmica no renovable;Cuba;2005;14853.8
Nuclear;Cuba;2005;
Geotermia;Cuba;2005;
Eólica;Cuba;2005;0.1
Solar;Cuba;2005;0.0
Otros;Cuba;2005;
Térmica renovable;Cuba;2005;419.5
Total;Cuba;2005;15341.1
Hidro;Ecuador;2005;6882.639372875999
Térmica no renovable;Ecuador;2005;6418.514521582005
Nuclear;Ecuador;2005;0.0
Geotermia;Ecuador;2005;0.0
Eólica;Ecuador;2005;
Solar;Ecuador;2005;0.01238993
Otros;Ecuador;2005;
Térmica renovable;Ecuador;2005;102.856283
Total;Ecuador;2005;13404.022567388
Hidro;El Salvador;2005;1664.0
Térmica no renovable;El Salvador;2005;1938.0
Nuclear;El Salvador;2005;
Geotermia;El Salvador;2005;985.0
Eólica;El Salvador;2005;
Solar;El Salvador;2005;
Otros;El Salvador;2005;
Térmica renovable;El Salvador;2005;
Total;El Salvador;2005;4587.0
Hidro;Guatemala;2005;2920.28
Térmica no renovable;Guatemala;2005;3539.76
Nuclear;Guatemala;2005;
Geotermia;Guatemala;2005;146.24
Eólica;Guatemala;2005;0.0
Solar;Guatemala;2005;0.0
Otros;Guatemala;2005;
Térmica renovable;Guatemala;2005;613.5
Total;Guatemala;2005;7219.78
Hidro;Haiti;2005;265.0
Térmica no renovable;Haiti;2005;291.34718
Nuclear;Haiti;2005;
Geotermia;Haiti;2005;
Eólica;Haiti;2005;
Solar;Haiti;2005;
Otros;Haiti;2005;
Térmica renovable;Haiti;2005;
Total;Haiti;2005;556.34718
Hidro;Honduras;2005;1718.0
Térmica no renovable;Honduras;2005;3605.8
Nuclear;Honduras;2005;
Geotermia;Honduras;2005;0.0
Eólica;Honduras;2005;0.0
Solar;Honduras;2005;0.0
Otros;Honduras;2005;
Térmica renovable;Honduras;2005;76.19999999999999
Total;Honduras;2005;5399.999999999999
Hidro;México;2005;27611.39006
Térmica no renovable;México;2005;171438.96347
Nuclear;México;2005;10804.90604
Geotermia;México;2005;7298.51914
Eólica;México;2005;4.99936
Solar;México;2005;
Otros;México;2005;
Térmica renovable;México;2005;
Total;México;2005;217158.77807
Hidro;Nicaragua;2005;433.61234
Térmica no renovable;Nicaragua;2005;1995.27242
Nuclear;Nicaragua;2005;
Geotermia;Nicaragua;2005;270.76031
Eólica;Nicaragua;2005;0.0
Solar;Nicaragua;2005;0.0
Otros;Nicaragua;2005;
Térmica renovable;Nicaragua;2005;351.62438
Total;Nicaragua;2005;3051.26945
Hidro;Panamá;2005;3723.7
Térmica no renovable;Panamá;2005;2103.2
Nuclear;Panamá;2005;
Geotermia;Panamá;2005;
Eólica;Panamá;2005;
Solar;Panamá;2005;
Otros;Panamá;2005;
Térmica renovable;Panamá;2005;
Total;Panamá;2005;5826.9
Hidro;Paraguay;2005;51157.00999999999
Térmica no renovable;Paraguay;2005;0.65
Nuclear;Paraguay;2005;
Geotermia;Paraguay;2005;
Eólica;Paraguay;2005;
Solar;Paraguay;2005;
Otros;Paraguay;2005;
Térmica renovable;Paraguay;2005;
Total;Paraguay;2005;51157.66
Hidro;Perú;2005;17976.99333600001
Térmica no renovable;Perú;2005;7446.962322000003
Nuclear;Perú;2005;
Geotermia;Perú;2005;
Eólica;Perú;2005;1.2264
Solar;Perú;2005;
Otros;Perú;2005;
Térmica renovable;Perú;2005;84.55475700000001
Total;Perú;2005;25509.73681500001
Hidro;República Dominicana;2005;1908.0
Térmica no renovable;República Dominicana;2005;7915.0
Nuclear;República Dominicana;2005;
Geotermia;República Dominicana;2005;
Eólica;República Dominicana;2005;
Solar;República Dominicana;2005;
Otros;República Dominicana;2005;
Térmica renovable;República Dominicana;2005;
Total;República Dominicana;2005;9823.0
Hidro;Uruguay;2005;6683.62
Térmica no renovable;Uruguay;2005;956.339
Nuclear;Uruguay;2005;
Geotermia;Uruguay;2005;
Eólica;Uruguay;2005;
Solar;Uruguay;2005;
Otros;Uruguay;2005;
Térmica renovable;Uruguay;2005;24.456
Total;Uruguay;2005;7664.415
Hidro;Venezuela;2005;77231.2
Térmica no renovable;Venezuela;2005;27126.8
Nuclear;Venezuela;2005;
Geotermia;Venezuela;2005;
Eólica;Venezuela;2005;0.0
Solar;Venezuela;2005;0.0
Otros;Venezuela;2005;
Térmica renovable;Venezuela;2005;
Total;Venezuela;2005;104358.0
Hidro;Argentina;2006;38056.366
Térmica no renovable;Argentina;2006;57998.441
Nuclear;Argentina;2006;7690.909
Geotermia;Argentina;2006;
Eólica;Argentina;2006;69.639
Solar;Argentina;2006;0.09
Otros;Argentina;2006;
Térmica renovable;Argentina;2006;
Total;Argentina;2006;103815.445
Hidro;Bolivia;2006;2158.870115568
Térmica no renovable;Bolivia;2006;2822.140680497141
Nuclear;Bolivia;2006;
Geotermia;Bolivia;2006;
Eólica;Bolivia;2006;0.0
Solar;Bolivia;2006;0.0
Otros;Bolivia;2006;
Térmica renovable;Bolivia;2006;0.0
Total;Bolivia;2006;4981.01079606514
Hidro;Brasil;2006;348805.46
Térmica no renovable;Brasil;2006;41806.9282250138
Nuclear;Brasil;2006;13754.1
Geotermia;Brasil;2006;0.0
Eólica;Brasil;2006;237.0
Solar;Brasil;2006;0.0
Otros;Brasil;2006;0.0
Térmica renovable;Brasil;2006;14845.6589842885
Total;Brasil;2006;419449.1472093023
Hidro;Chile;2006;28034.30694
Térmica no renovable;Chile;2006;24462.16845500265
Nuclear;Chile;2006;
Geotermia;Chile;2006;0.0
Eólica;Chile;2006;0.0
Solar;Chile;2006;0.0
Otros;Chile;2006;
Térmica renovable;Chile;2006;1079.315058
Total;Chile;2006;53575.79045300265
Hidro;Colombia;2006;42557.89176578997
Térmica no renovable;Colombia;2006;9631.41226806
Nuclear;Colombia;2006;
Geotermia;Colombia;2006;
Eólica;Colombia;2006;62.98139278999974
Solar;Colombia;2006;0.0
Otros;Colombia;2006;
Térmica renovable;Colombia;2006;87.76289918
Total;Colombia;2006;52340.04832581997
Hidro;Costa Rica;2006;6600.89521
Térmica no renovable;Costa Rica;2006;533.148029
Nuclear;Costa Rica;2006;0.0
Geotermia;Costa Rica;2006;1220.68829
Eólica;Costa Rica;2006;266.496666
Solar;Costa Rica;2006;0.0
Otros;Costa Rica;2006;0.0
Térmica renovable;Costa Rica;2006;19.005296
Total;Costa Rica;2006;8640.233490999999
Hidro;Cuba;2006;93.5
Térmica no renovable;Cuba;2006;15968.5
Nuclear;Cuba;2006;
Geotermia;Cuba;2006;
Eólica;Cuba;2006;0.3
Solar;Cuba;2006;0.0
Otros;Cuba;2006;
Térmica renovable;Cuba;2006;406.1
Total;Cuba;2006;16468.4
Hidro;Ecuador;2006;7129.493192310993
Térmica no renovable;Ecuador;2006;7840.785878391997
Nuclear;Ecuador;2006;0.0
Geotermia;Ecuador;2006;0.0
Eólica;Ecuador;2006;
Solar;Ecuador;2006;0.014875
Otros;Ecuador;2006;
Térmica renovable;Ecuador;2006;145.555728742
Total;Ecuador;2006;15115.84967444499
Hidro;El Salvador;2006;1957.0
Térmica no renovable;El Salvador;2006;2358.0
Nuclear;El Salvador;2006;
Geotermia;El Salvador;2006;1070.0
Eólica;El Salvador;2006;
Solar;El Salvador;2006;
Otros;El Salvador;2006;
Térmica renovable;El Salvador;2006;
Total;El Salvador;2006;5385.0
Hidro;Guatemala;2006;3236.416190364964
Térmica no renovable;Guatemala;2006;3332.914838242818
Nuclear;Guatemala;2006;
Geotermia;Guatemala;2006;141.0364853599411
Eólica;Guatemala;2006;0.0
Solar;Guatemala;2006;0.0
Otros;Guatemala;2006;
Térmica renovable;Guatemala;2006;697.7594538860243
Total;Guatemala;2006;7408.126967853747
Hidro;Haiti;2006;271.0
Térmica no renovable;Haiti;2006;299.25875
Nuclear;Haiti;2006;
Geotermia;Haiti;2006;
Eólica;Haiti;2006;
Solar;Haiti;2006;
Otros;Haiti;2006;
Térmica renovable;Haiti;2006;
Total;Haiti;2006;570.25875
Hidro;Honduras;2006;2069.8
Térmica no renovable;Honduras;2006;3739.8
Nuclear;Honduras;2006;
Geotermia;Honduras;2006;0.0
Eólica;Honduras;2006;0.0
Solar;Honduras;2006;0.0
Otros;Honduras;2006;
Térmica renovable;Honduras;2006;99.9
Total;Honduras;2006;5909.5
Hidro;México;2006;30304.84923
Térmica no renovable;México;2006;175662.231536
Nuclear;México;2006;10866.24109
Geotermia;México;2006;6685.38685
Eólica;México;2006;44.80283
Solar;México;2006;
Otros;México;2006;
Térmica renovable;México;2006;
Total;México;2006;223563.511536
Hidro;Nicaragua;2006;308.050307
Térmica no renovable;Nicaragua;2006;2195.621974590001
Nuclear;Nicaragua;2006;
Geotermia;Nicaragua;2006;310.99295079
Eólica;Nicaragua;2006;0.0
Solar;Nicaragua;2006;0.0
Otros;Nicaragua;2006;
Térmica renovable;Nicaragua;2006;322.778107
Total;Nicaragua;2006;3137.443339380001
Hidro;Panamá;2006;3579.9
Térmica no renovable;Panamá;2006;2409.5
Nuclear;Panamá;2006;
Geotermia;Panamá;2006;
Eólica;Panamá;2006;
Solar;Panamá;2006;
Otros;Panamá;2006;
Térmica renovable;Panamá;2006;
Total;Panamá;2006;5989.4
Hidro;Paraguay;2006;53773.34
Térmica no renovable;Paraguay;2006;0.76
Nuclear;Paraguay;2006;
Geotermia;Paraguay;2006;
Eólica;Paraguay;2006;
Solar;Paraguay;2006;
Otros;Paraguay;2006;
Térmica renovable;Paraguay;2006;
Total;Paraguay;2006;53774.10000000001
Hidro;Perú;2006;19594.34716399999
Térmica no renovable;Perú;2006;7682.69539458
Nuclear;Perú;2006;
Geotermia;Perú;2006;
Eólica;Perú;2006;1.2264
Solar;Perú;2006;
Otros;Perú;2006;
Térmica renovable;Perú;2006;91.559769
Total;Perú;2006;27369.82872757999
Hidro;República Dominicana;2006;1750.0
Térmica no renovable;República Dominicana;2006;8958.0
Nuclear;República Dominicana;2006;
Geotermia;República Dominicana;2006;
Eólica;República Dominicana;2006;
Solar;República Dominicana;2006;
Otros;República Dominicana;2006;
Térmica renovable;República Dominicana;2006;
Total;República Dominicana;2006;10708.0
Hidro;Uruguay;2006;3545.09
Térmica no renovable;Uruguay;2006;1971.163
Nuclear;Uruguay;2006;
Geotermia;Uruguay;2006;
Eólica;Uruguay;2006;
Solar;Uruguay;2006;
Otros;Uruguay;2006;
Térmica renovable;Uruguay;2006;38.611
Total;Uruguay;2006;5554.864
Hidro;Venezuela;2006;81545.7
Térmica no renovable;Venezuela;2006;29095.0
Nuclear;Venezuela;2006;
Geotermia;Venezuela;2006;
Eólica;Venezuela;2006;0.0
Solar;Venezuela;2006;0.0
Otros;Venezuela;2006;
Térmica renovable;Venezuela;2006;
Total;Venezuela;2006;110640.7
Hidro;Argentina;2007;31560.240375
Térmica no renovable;Argentina;2007;64613.26759967
Nuclear;Argentina;2007;7217.228
Geotermia;Argentina;2007;
Eólica;Argentina;2007;61.5926553
Solar;Argentina;2007;0.108873
Otros;Argentina;2007;
Térmica renovable;Argentina;2007;
Total;Argentina;2007;103452.43750297
Hidro;Bolivia;2007;2319.291972824
Térmica no renovable;Bolivia;2007;3081.788887954326
Nuclear;Bolivia;2007;
Geotermia;Bolivia;2007;
Eólica;Bolivia;2007;0.0
Solar;Bolivia;2007;0.0
Otros;Bolivia;2007;
Térmica renovable;Bolivia;2007;14.201
Total;Bolivia;2007;5415.281860778326
Hidro;Brasil;2007;374015.1216
Térmica no renovable;Brasil;2007;40057.81816056761
Nuclear;Brasil;2007;12349.76
Geotermia;Brasil;2007;0.0
Eólica;Brasil;2007;662.781836382615
Solar;Brasil;2007;0.0
Otros;Brasil;2007;0.0
Térmica renovable;Brasil;2007;18063.4440836128
Total;Brasil;2007;445148.9256805631
Hidro;Chile;2007;22290.54638
Térmica no renovable;Chile;2007;32496.72605
Nuclear;Chile;2007;
Geotermia;Chile;2007;0.0
Eólica;Chile;2007;2.80417
Solar;Chile;2007;0.0
Otros;Chile;2007;
Térmica renovable;Chile;2007;1195.50383
Total;Chile;2007;55985.58043
Hidro;Colombia;2007;44241.98162773011
Térmica no renovable;Colombia;2007;9264.79624595
Nuclear;Colombia;2007;
Geotermia;Colombia;2007;
Eólica;Colombia;2007;49.89097491999975
Solar;Colombia;2007;0.0
Otros;Colombia;2007;
Térmica renovable;Colombia;2007;69.33823967
Total;Colombia;2007;53626.00708827011
Hidro;Costa Rica;2007;6768.61001721
Térmica no renovable;Costa Rica;2007;722.2445346000001
Nuclear;Costa Rica;2007;0.0
Geotermia;Costa Rica;2007;1238.52835886
Eólica;Costa Rica;2007;241.05805282
Solar;Costa Rica;2007;0.0
Otros;Costa Rica;2007;0.0
Térmica renovable;Costa Rica;2007;17.0716795
Total;Costa Rica;2007;8987.512642990003
Hidro;Cuba;2007;121.4
Térmica no renovable;Cuba;2007;17088.1
Nuclear;Cuba;2007;
Geotermia;Cuba;2007;
Eólica;Cuba;2007;0.2
Solar;Cuba;2007;0.0
Otros;Cuba;2007;
Térmica renovable;Cuba;2007;412.8
Total;Cuba;2007;17622.5
Hidro;Ecuador;2007;9037.655280444007
Térmica no renovable;Ecuador;2007;8079.26682331001
Nuclear;Ecuador;2007;0.0
Geotermia;Ecuador;2007;0.0
Eólica;Ecuador;2007;0.962135
Solar;Ecuador;2007;0.018162
Otros;Ecuador;2007;
Térmica renovable;Ecuador;2007;218.752751
Total;Ecuador;2007;17336.65515175402
Hidro;El Salvador;2007;1734.0
Térmica no renovable;El Salvador;2007;2464.0
Nuclear;El Salvador;2007;
Geotermia;El Salvador;2007;1293.0
Eólica;El Salvador;2007;
Solar;El Salvador;2007;
Otros;El Salvador;2007;
Térmica renovable;El Salvador;2007;
Total;El Salvador;2007;5491.0
Hidro;Guatemala;2007;2982.353671268694
Térmica no renovable;Guatemala;2007;3934.168672737425
Nuclear;Guatemala;2007;
Geotermia;Guatemala;2007;230.0219586882769
Eólica;Guatemala;2007;0.0
Solar;Guatemala;2007;0.0
Otros;Guatemala;2007;
Térmica renovable;Guatemala;2007;769.3837928538917
Total;Guatemala;2007;7915.928095548287
Hidro;Haiti;2007;154.0
Térmica no renovable;Haiti;2007;625.49
Nuclear;Haiti;2007;
Geotermia;Haiti;2007;
Eólica;Haiti;2007;
Solar;Haiti;2007;
Otros;Haiti;2007;
Térmica renovable;Haiti;2007;
Total;Haiti;2007;779.49
Hidro;Honduras;2007;2214.2
Térmica no renovable;Honduras;2007;3927.0
Nuclear;Honduras;2007;
Geotermia;Honduras;2007;0.0
Eólica;Honduras;2007;0.0
Solar;Honduras;2007;0.0
Otros;Honduras;2007;
Térmica renovable;Honduras;2007;154.0
Total;Honduras;2007;6295.2
Hidro;México;2007;27042.15205
Térmica no renovable;México;2007;185811.4752669999
Nuclear;México;2007;10420.72502
Geotermia;México;2007;7403.85421
Eólica;México;2007;248.43238
Solar;México;2007;
Otros;México;2007;
Térmica renovable;México;2007;
Total;México;2007;230926.638927
Hidro;Nicaragua;2007;306.56963877
Térmica no renovable;Nicaragua;2007;2278.68743732
Nuclear;Nicaragua;2007;
Geotermia;Nicaragua;2007;243.23954
Eólica;Nicaragua;2007;0.0
Solar;Nicaragua;2007;0.0
Otros;Nicaragua;2007;
Térmica renovable;Nicaragua;2007;380.669429
Total;Nicaragua;2007;3209.16604509
Hidro;Panamá;2007;3706.0
Térmica no renovable;Panamá;2007;2725.1
Nuclear;Panamá;2007;
Geotermia;Panamá;2007;
Eólica;Panamá;2007;
Solar;Panamá;2007;
Otros;Panamá;2007;
Térmica renovable;Panamá;2007;
Total;Panamá;2007;6431.1
Hidro;Paraguay;2007;53714.24
Térmica no renovable;Paraguay;2007;0.63
Nuclear;Paraguay;2007;
Geotermia;Paraguay;2007;
Eólica;Paraguay;2007;
Solar;Paraguay;2007;
Otros;Paraguay;2007;
Térmica renovable;Paraguay;2007;
Total;Paraguay;2007;53714.87
Hidro;Perú;2007;19548.78202
Térmica no renovable;Perú;2007;10279.793467
Nuclear;Perú;2007;
Geotermia;Perú;2007;
Eólica;Perú;2007;1.2264
Solar;Perú;2007;
Otros;Perú;2007;
Térmica renovable;Perú;2007;113.245255
Total;Perú;2007;29943.047142
Hidro;República Dominicana;2007;1701.0
Térmica no renovable;República Dominicana;2007;9387.0
Nuclear;República Dominicana;2007;
Geotermia;República Dominicana;2007;
Eólica;República Dominicana;2007;
Solar;República Dominicana;2007;
Otros;República Dominicana;2007;
Térmica renovable;República Dominicana;2007;
Total;República Dominicana;2007;11088.0
Hidro;Uruguay;2007;8021.144
Térmica no renovable;Uruguay;2007;1224.622
Nuclear;Uruguay;2007;
Geotermia;Uruguay;2007;
Eólica;Uruguay;2007;
Solar;Uruguay;2007;
Otros;Uruguay;2007;
Térmica renovable;Uruguay;2007;134.054
Total;Uruguay;2007;9379.82
Hidro;Venezuela;2007;83163.0
Térmica no renovable;Venezuela;2007;30531.6
Nuclear;Venezuela;2007;
Geotermia;Venezuela;2007;
Eólica;Venezuela;2007;0.0
Solar;Venezuela;2007;0.0
Otros;Venezuela;2007;
Térmica renovable;Venezuela;2007;
Total;Venezuela;2007;113694.6
Hidro;Argentina;2008;31456.3421947
Térmica no renovable;Argentina;2008;69432.72827221
Nuclear;Argentina;2008;7330.388
Geotermia;Argentina;2008;
Eólica;Argentina;2008;41.951078
Solar;Argentina;2008;0.143688
Otros;Argentina;2008;
Térmica renovable;Argentina;2008;
Total;Argentina;2008;108261.55323291
Hidro;Bolivia;2008;2309.6220968625
Térmica no renovable;Bolivia;2008;3561.63574687498
Nuclear;Bolivia;2008;
Geotermia;Bolivia;2008;
Eólica;Bolivia;2008;0.0
Solar;Bolivia;2008;0.0
Otros;Bolivia;2008;
Térmica renovable;Bolivia;2008;39.318
Total;Bolivia;2008;5910.57584373748
Hidro;Brasil;2008;369556.4
Térmica no renovable;Brasil;2008;58677.33988878606
Nuclear;Brasil;2008;13968.58
Geotermia;Brasil;2008;0.0
Eólica;Brasil;2008;1183.0
Solar;Brasil;2008;0.0
Otros;Brasil;2008;0.0
Térmica renovable;Brasil;2008;19786.257301834
Total;Brasil;2008;463171.5771906201
Hidro;Chile;2008;23752.0564255
Térmica no renovable;Chile;2008;31639.85505516953
Nuclear;Chile;2008;
Geotermia;Chile;2008;0.0
Eólica;Chile;2008;30.84203
Solar;Chile;2008;0.0
Otros;Chile;2008;
Térmica renovable;Chile;2008;948.50854
Total;Chile;2008;56371.26205066953
Hidro;Colombia;2008;46160.88280927003
Térmica no renovable;Colombia;2008;8131.841905550002
Nuclear;Colombia;2008;
Geotermia;Colombia;2008;
Eólica;Colombia;2008;53.9181667099997
Solar;Colombia;2008;0.0
Otros;Colombia;2008;
Térmica renovable;Colombia;2008;48.35507455999988
Total;Colombia;2008;54394.99795609002
Hidro;Costa Rica;2008;7386.103779229999
Térmica no renovable;Costa Rica;2008;676.96098787
Nuclear;Costa Rica;2008;0.0
Geotermia;Costa Rica;2008;1130.86367316
Eólica;Costa Rica;2008;198.16453784
Solar;Costa Rica;2008;0.0
Otros;Costa Rica;2008;0.0
Térmica renovable;Costa Rica;2008;23.55070712
Total;Costa Rica;2008;9415.643685220002
Hidro;Cuba;2008;138.3
Térmica no renovable;Cuba;2008;16981.1
Nuclear;Cuba;2008;
Geotermia;Cuba;2008;
Eólica;Cuba;2008;8.2
Solar;Cuba;2008;0.0
Otros;Cuba;2008;
Térmica renovable;Cuba;2008;553.7
Total;Cuba;2008;17681.3
Hidro;Ecuador;2008;11293.33300607801
Térmica no renovable;Ecuador;2008;7104.159200133005
Nuclear;Ecuador;2008;0.0
Geotermia;Ecuador;2008;0.0
Eólica;Ecuador;2008;2.682461
Solar;Ecuador;2008;0.026687
Otros;Ecuador;2008;
Térmica renovable;Ecuador;2008;208.324462
Total;Ecuador;2008;18608.52581621101
Hidro;El Salvador;2008;2033.0
Térmica no renovable;El Salvador;2008;2262.0
Nuclear;El Salvador;2008;
Geotermia;El Salvador;2008;1421.0
Eólica;El Salvador;2008;
Solar;El Salvador;2008;
Otros;El Salvador;2008;
Térmica renovable;El Salvador;2008;
Total;El Salvador;2008;5716.0
Hidro;Guatemala;2008;3623.303190193256
Térmica no renovable;Guatemala;2008;3346.962977479653
Nuclear;Guatemala;2008;
Geotermia;Guatemala;2008;271.5893781110767
Eólica;Guatemala;2008;0.0
Solar;Guatemala;2008;0.0
Otros;Guatemala;2008;
Térmica renovable;Guatemala;2008;656.4069809156927
Total;Guatemala;2008;7898.262526699678
Hidro;Haiti;2008;181.0
Térmica no renovable;Haiti;2008;598.49
Nuclear;Haiti;2008;
Geotermia;Haiti;2008;
Eólica;Haiti;2008;
Solar;Haiti;2008;
Otros;Haiti;2008;
Térmica renovable;Haiti;2008;
Total;Haiti;2008;779.49
Hidro;Honduras;2008;2291.1
Térmica no renovable;Honduras;2008;4041.592983
Nuclear;Honduras;2008;
Geotermia;Honduras;2008;0.0
Eólica;Honduras;2008;0.0
Solar;Honduras;2008;0.0
Otros;Honduras;2008;
Térmica renovable;Honduras;2008;221.8
Total;Honduras;2008;6554.492982999999
Hidro;México;2008;38892.03273
Térmica no renovable;México;2008;178089.910302
Nuclear;México;2008;9803.976279999999
Geotermia;México;2008;7055.759840000001
Eólica;México;2008;254.61331
Solar;México;2008;
Otros;México;2008;
Térmica renovable;México;2008;
Total;México;2008;234096.292462
Hidro;Nicaragua;2008;534.4539859999999
Térmica no renovable;Nicaragua;2008;2166.534492953165
Nuclear;Nicaragua;2008;
Geotermia;Nicaragua;2008;322.137179
Eólica;Nicaragua;2008;0.0
Solar;Nicaragua;2008;0.0
Otros;Nicaragua;2008;
Térmica renovable;Nicaragua;2008;337.8273579999999
Total;Nicaragua;2008;3360.953015953165
Hidro;Panamá;2008;3971.7
Térmica no renovable;Panamá;2008;2437.3
Nuclear;Panamá;2008;
Geotermia;Panamá;2008;
Eólica;Panamá;2008;
Solar;Panamá;2008;
Otros;Panamá;2008;
Térmica renovable;Panamá;2008;
Total;Panamá;2008;6409.0
Hidro;Paraguay;2008;55455.09
Térmica no renovable;Paraguay;2008;0.65
Nuclear;Paraguay;2008;
Geotermia;Paraguay;2008;
Eólica;Paraguay;2008;
Solar;Paraguay;2008;
Otros;Paraguay;2008;
Térmica renovable;Paraguay;2008;
Total;Paraguay;2008;55455.74
Hidro;Perú;2008;19059.617749
Térmica no renovable;Perú;2008;13290.263449
Nuclear;Perú;2008;
Geotermia;Perú;2008;
Eólica;Perú;2008;1.2264
Solar;Perú;2008;
Otros;Perú;2008;
Térmica renovable;Perú;2008;111.998685
Total;Perú;2008;32463.106283
Hidro;República Dominicana;2008;1384.0
Térmica no renovable;República Dominicana;2008;10236.0
Nuclear;República Dominicana;2008;
Geotermia;República Dominicana;2008;
Eólica;República Dominicana;2008;
Solar;República Dominicana;2008;
Otros;República Dominicana;2008;
Térmica renovable;República Dominicana;2008;
Total;República Dominicana;2008;11620.0
Hidro;Uruguay;2008;4500.71
Térmica no renovable;Uruguay;2008;3388.735
Nuclear;Uruguay;2008;
Geotermia;Uruguay;2008;
Eólica;Uruguay;2008;7.291
Solar;Uruguay;2008;
Otros;Uruguay;2008;
Térmica renovable;Uruguay;2008;872.418
Total;Uruguay;2008;8769.154
Hidro;Venezuela;2008;86846.0
Térmica no renovable;Venezuela;2008;32454.26
Nuclear;Venezuela;2008;
Geotermia;Venezuela;2008;
Eólica;Venezuela;2008;0.0
Solar;Venezuela;2008;0.0
Otros;Venezuela;2008;
Térmica renovable;Venezuela;2008;
Total;Venezuela;2008;119300.26
Hidro;Argentina;2009;35240.76
Térmica no renovable;Argentina;2009;68837.618
Nuclear;Argentina;2009;8161.669
Geotermia;Argentina;2009;
Eólica;Argentina;2009;36.832
Solar;Argentina;2009;0.076
Otros;Argentina;2009;
Térmica renovable;Argentina;2009;
Total;Argentina;2009;112276.955
Hidro;Bolivia;2009;2295.648810007062
Térmica no renovable;Bolivia;2009;3857.277445939737
Nuclear;Bolivia;2009;
Geotermia;Bolivia;2009;
Eólica;Bolivia;2009;0.0
Solar;Bolivia;2009;0.0
Otros;Bolivia;2009;
Térmica renovable;Bolivia;2009;59.67047
Total;Bolivia;2009;6212.596725946799
Hidro;Brasil;2009;390988.065
Térmica no renovable;Brasil;2009;38099.1858949567
Nuclear;Brasil;2009;12957.0
Geotermia;Brasil;2009;0.0
Eólica;Brasil;2009;1238.0
Solar;Brasil;2009;0.0
Otros;Brasil;2009;0.0
Térmica renovable;Brasil;2009;22875.8721262415
Total;Brasil;2009;466158.1230211982
Hidro;Chile;2009;24503.864121
Térmica no renovable;Chile;2009;31063.41996145335
Nuclear;Chile;2009;
Geotermia;Chile;2009;0.0
Eólica;Chile;2009;66.37749
Solar;Chile;2009;0.0
Otros;Chile;2009;
Térmica renovable;Chile;2009;1063.2795
Total;Chile;2009;56696.94107245334
Hidro;Colombia;2009;40837.36603169993
Térmica no renovable;Colombia;2009;14906.12491579
Nuclear;Colombia;2009;
Geotermia;Colombia;2009;
Eólica;Colombia;2009;57.7078140299997
Solar;Colombia;2009;0.0
Otros;Colombia;2009;
Térmica renovable;Colombia;2009;103.9936061099998
Total;Colombia;2009;55905.19236762993
Hidro;Costa Rica;2009;7224.45998376
Térmica no renovable;Costa Rica;2009;451.20890787
Nuclear;Costa Rica;2009;0.0
Geotermia;Costa Rica;2009;1185.83994333
Eólica;Costa Rica;2009;326.18262669
Solar;Costa Rica;2009;0.0
Otros;Costa Rica;2009;0.0
Térmica renovable;Costa Rica;2009;48.21790018999999
Total;Costa Rica;2009;9235.90936184
Hidro;Cuba;2009;150.8
Térmica no renovable;Cuba;2009;17037.9
Nuclear;Cuba;2009;
Geotermia;Cuba;2009;
Eólica;Cuba;2009;3.6
Solar;Cuba;2009;0.0
Otros;Cuba;2009;
Térmica renovable;Cuba;2009;534.8
Total;Cuba;2009;17727.1
Hidro;Ecuador;2009;9225.407228995005
Térmica no renovable;Ecuador;2009;8819.475931644985
Nuclear;Ecuador;2009;0.0
Geotermia;Ecuador;2009;0.0
Eólica;Ecuador;2009;3.204416666
Solar;Ecuador;2009;0.007878600000000001
Otros;Ecuador;2009;
Térmica renovable;Ecuador;2009;216.519797
Total;Ecuador;2009;18264.61525290599
Hidro;El Salvador;2009;1500.0
Térmica no renovable;El Salvador;2009;2592.0
Nuclear;El Salvador;2009;
Geotermia;El Salvador;2009;1421.0
Eólica;El Salvador;2009;
Solar;El Salvador;2009;
Otros;El Salvador;2009;
Térmica renovable;El Salvador;2009;
Total;El Salvador;2009;5513.0
Hidro;Guatemala;2009;2892.028042492914
Térmica no renovable;Guatemala;2009;3773.255423861947
Nuclear;Guatemala;2009;
Geotermia;Guatemala;2009;280.3905304356011
Eólica;Guatemala;2009;0.0
Solar;Guatemala;2009;0.0
Otros;Guatemala;2009;
Térmica renovable;Guatemala;2009;1025.428225593055
Total;Guatemala;2009;7971.102222383518
Hidro;Haiti;2009;207.0
Térmica no renovable;Haiti;2009;328.985
Nuclear;Haiti;2009;
Geotermia;Haiti;2009;
Eólica;Haiti;2009;
Solar;Haiti;2009;
Otros;Haiti;2009;
Térmica renovable;Haiti;2009;
Total;Haiti;2009;535.985
Hidro;Honduras;2009;2796.6
Térmica no renovable;Honduras;2009;3649.249324
Nuclear;Honduras;2009;
Geotermia;Honduras;2009;0.0
Eólica;Honduras;2009;0.0
Solar;Honduras;2009;0.0
Otros;Honduras;2009;
Térmica renovable;Honduras;2009;200.0
Total;Honduras;2009;6645.849324000001
Hidro;México;2009;26444.96415
Térmica no renovable;México;2009;189536.68175
Nuclear;México;2009;10501.0789
Geotermia;México;2009;6739.666130000001
Eólica;México;2009;249.24681
Solar;México;2009;
Otros;México;2009;
Térmica renovable;México;2009;
Total;México;2009;233471.63774
Hidro;Nicaragua;2009;296.715988
Térmica no renovable;Nicaragua;2009;2386.254221287875
Nuclear;Nicaragua;2009;
Geotermia;Nicaragua;2009;296.526295
Eólica;Nicaragua;2009;111.9985185
Solar;Nicaragua;2009;0.0
Otros;Nicaragua;2009;
Térmica renovable;Nicaragua;2009;362.56350051
Total;Nicaragua;2009;3454.058523297876
Hidro;Panamá;2009;3896.8
Térmica no renovable;Panamá;2009;2995.4
Nuclear;Panamá;2009;
Geotermia;Panamá;2009;
Eólica;Panamá;2009;
Solar;Panamá;2009;
Otros;Panamá;2009;
Térmica renovable;Panamá;2009;
Total;Panamá;2009;6892.200000000001
Hidro;Paraguay;2009;54938.95
Térmica no renovable;Paraguay;2009;0.74
Nuclear;Paraguay;2009;
Geotermia;Paraguay;2009;
Eólica;Paraguay;2009;
Solar;Paraguay;2009;
Otros;Paraguay;2009;
Térmica renovable;Paraguay;2009;
Total;Paraguay;2009;54939.69
Hidro;Perú;2009;19903.776404
Térmica no renovable;Perú;2009;12907.916388
Nuclear;Perú;2009;
Geotermia;Perú;2009;
Eólica;Perú;2009;1.2264
Solar;Perú;2009;
Otros;Perú;2009;
Térmica renovable;Perú;2009;131.816629
Total;Perú;2009;32944.735821
Hidro;República Dominicana;2009;1464.0
Térmica no renovable;República Dominicana;2009;10065.0
Nuclear;República Dominicana;2009;
Geotermia;República Dominicana;2009;
Eólica;República Dominicana;2009;
Solar;República Dominicana;2009;
Otros;República Dominicana;2009;
Térmica renovable;República Dominicana;2009;
Total;República Dominicana;2009;11529.0
Hidro;Uruguay;2009;5059.788
Térmica no renovable;Uruguay;2009;2634.035
Nuclear;Uruguay;2009;
Geotermia;Uruguay;2009;
Eólica;Uruguay;2009;42.098
Solar;Uruguay;2009;
Otros;Uruguay;2009;
Térmica renovable;Uruguay;2009;929.909
Total;Uruguay;2009;8665.83
Hidro;Venezuela;2009;85962.4
Térmica no renovable;Venezuela;2009;38860.31
Nuclear;Venezuela;2009;
Geotermia;Venezuela;2009;
Eólica;Venezuela;2009;0.0
Solar;Venezuela;2009;0.0
Otros;Venezuela;2009;
Térmica renovable;Venezuela;2009;
Total;Venezuela;2009;124822.71
Hidro;Argentina;2010;33677.996
Térmica no renovable;Argentina;2010;65382.908
Nuclear;Argentina;2010;7170.885
Geotermia;Argentina;2010;
Eólica;Argentina;2010;25.352
Solar;Argentina;2010;0.086
Otros;Argentina;2010;
Térmica renovable;Argentina;2010;
Total;Argentina;2010;106257.227
Hidro;Bolivia;2010;2173.700739635847
Térmica no renovable;Bolivia;2010;4416.900559687897
Nuclear;Bolivia;2010;
Geotermia;Bolivia;2010;
Eólica;Bolivia;2010;0.0
Solar;Bolivia;2010;0.0
Otros;Bolivia;2010;
Térmica renovable;Bolivia;2010;58.15597
Total;Bolivia;2010;6648.757269323743
Hidro;Brasil;2010;403289.81326205
Térmica no renovable;Brasil;2010;63866.34307676821
Nuclear;Brasil;2010;14523.1558
Geotermia;Brasil;2010;0.0
Eólica;Brasil;2010;2177.0
Solar;Brasil;2010;0.0
Otros;Brasil;2010;0.0
Térmica renovable;Brasil;2010;31942.3754519358
Total;Brasil;2010;515798.687590754
Hidro;Chile;2010;21230.84977511164
Térmica no renovable;Chile;2010;36153.04407171124
Nuclear;Chile;2010;
Geotermia;Chile;2010;0.0
Eólica;Chile;2010;318.4503450345035
Solar;Chile;2010;0.0
Otros;Chile;2010;
Térmica renovable;Chile;2010;556.0884926743753
Total;Chile;2010;58258.43268453176
Hidro;Colombia;2010;40557.46262644001
Térmica no renovable;Colombia;2010;15986.61305576
Nuclear;Colombia;2010;
Geotermia;Colombia;2010;
Eólica;Colombia;2010;38.56991990999971
Solar;Colombia;2010;0.0
Otros;Colombia;2010;
Térmica renovable;Colombia;2010;204.9860629099983
Total;Colombia;2010;56787.63166502001
Hidro;Costa Rica;2010;7262.29349468
Térmica no renovable;Costa Rica;2010;641.1745785700001
Nuclear;Costa Rica;2010;0.0
Geotermia;Costa Rica;2010;1176.08150065
Eólica;Costa Rica;2010;358.67526782
Solar;Costa Rica;2010;0.0
Otros;Costa Rica;2010;0.0
Térmica renovable;Costa Rica;2010;65.39670248
Total;Costa Rica;2010;9503.6215442
Hidro;Cuba;2010;96.6
Térmica no renovable;Cuba;2010;16832.3
Nuclear;Cuba;2010;
Geotermia;Cuba;2010;
Eólica;Cuba;2010;11.0
Solar;Cuba;2010;0.7
Otros;Cuba;2010;
Térmica renovable;Cuba;2010;446.2
Total;Cuba;2010;17386.8
Hidro;Ecuador;2010;8636.400921231001
Térmica no renovable;Ecuador;2010;10634.45618659296
Nuclear;Ecuador;2010;0.0
Geotermia;Ecuador;2010;0.0
Eólica;Ecuador;2010;3.43485
Solar;Ecuador;2010;
Otros;Ecuador;2010;
Térmica renovable;Ecuador;2010;235.561874588
Total;Ecuador;2010;19509.85383241196
Hidro;El Salvador;2010;2079.0
Térmica no renovable;El Salvador;2010;2201.0
Nuclear;El Salvador;2010;
Geotermia;El Salvador;2010;1427.0
Eólica;El Salvador;2010;
Solar;El Salvador;2010;
Otros;El Salvador;2010;
Térmica renovable;El Salvador;2010;
Total;El Salvador;2010;5707.0
Hidro;Guatemala;2010;3762.010462684705
Térmica no renovable;Guatemala;2010;2993.072060421678
Nuclear;Guatemala;2010;
Geotermia;Guatemala;2010;256.3128007543426
Eólica;Guatemala;2010;0.0
Solar;Guatemala;2010;0.0
Otros;Guatemala;2010;
Térmica renovable;Guatemala;2010;892.9607252086772
Total;Guatemala;2010;7904.356049069403
Hidro;Haiti;2010;177.0
Térmica no renovable;Haiti;2010;471.55
Nuclear;Haiti;2010;
Geotermia;Haiti;2010;
Eólica;Haiti;2010;
Solar;Haiti;2010;0.46
Otros;Haiti;2010;
Térmica renovable;Haiti;2010;
Total;Haiti;2010;649.01
Hidro;Honduras;2010;3080.353430573101
Térmica no renovable;Honduras;2010;3551.25673
Nuclear;Honduras;2010;
Geotermia;Honduras;2010;0.0
Eólica;Honduras;2010;0.0
Solar;Honduras;2010;0.0
Otros;Honduras;2010;
Térmica renovable;Honduras;2010;187.9
Total;Honduras;2010;6819.510160573101
Hidro;México;2010;36738.46223300001
Térmica no renovable;México;2010;192088.3398300001
Nuclear;México;2010;5879.240639
Geotermia;México;2010;6618.460157
Eólica;México;2010;166.391975
Solar;México;2010;
Otros;México;2010;
Térmica renovable;México;2010;
Total;México;2010;241490.8948340001
Hidro;Nicaragua;2010;503.15157
Térmica no renovable;Nicaragua;2010;2305.77324638152
Nuclear;Nicaragua;2010;
Geotermia;Nicaragua;2010;302.1075599999999
Eólica;Nicaragua;2010;163.3917786
Solar;Nicaragua;2010;0.0
Otros;Nicaragua;2010;
Térmica renovable;Nicaragua;2010;384.64755
Total;Nicaragua;2010;3659.07170498152
Hidro;Panamá;2010;4193.9
Térmica no renovable;Panamá;2010;3167.3
Nuclear;Panamá;2010;
Geotermia;Panamá;2010;
Eólica;Panamá;2010;
Solar;Panamá;2010;
Otros;Panamá;2010;
Térmica renovable;Panamá;2010;
Total;Panamá;2010;7361.2
Hidro;Paraguay;2010;54064.77
Térmica no renovable;Paraguay;2010;0.82
Nuclear;Paraguay;2010;
Geotermia;Paraguay;2010;
Eólica;Paraguay;2010;
Solar;Paraguay;2010;
Otros;Paraguay;2010;
Térmica renovable;Paraguay;2010;
Total;Paraguay;2010;54065.59
Hidro;Perú;2010;20052.12928099999
Térmica no renovable;Perú;2010;15614.9748982
Nuclear;Perú;2010;
Geotermia;Perú;2010;
Eólica;Perú;2010;1.2264
Solar;Perú;2010;
Otros;Perú;2010;
Térmica renovable;Perú;2010;239.677362
Total;Perú;2010;35908.0079412
Hidro;República Dominicana;2010;1434.0
Térmica no renovable;República Dominicana;2010;10838.0
Nuclear;República Dominicana;2010;
Geotermia;República Dominicana;2010;
Eólica;República Dominicana;2010;
Solar;República Dominicana;2010;
Otros;República Dominicana;2010;
Térmica renovable;República Dominicana;2010;
Total;República Dominicana;2010;12272.0
Hidro;Uruguay;2010;8407.154
Térmica no renovable;Uruguay;2010;1165.081
Nuclear;Uruguay;2010;
Geotermia;Uruguay;2010;
Eólica;Uruguay;2010;69.914
Solar;Uruguay;2010;
Otros;Uruguay;2010;
Térmica renovable;Uruguay;2010;1089.849
Total;Uruguay;2010;10731.998
Hidro;Venezuela;2010;76776.43
Térmica no renovable;Venezuela;2010;39880.91
Nuclear;Venezuela;2010;
Geotermia;Venezuela;2010;
Eólica;Venezuela;2010;0.0
Solar;Venezuela;2010;2.46
Otros;Venezuela;2010;
Térmica renovable;Venezuela;2010;
Total;Venezuela;2010;116659.8
Hidro;Argentina;2011;31843.255
Térmica no renovable;Argentina;2011;76477.761
Nuclear;Argentina;2011;6370.904
Geotermia;Argentina;2011;
Eólica;Argentina;2011;26.231
Solar;Argentina;2011;1.614
Otros;Argentina;2011;
Térmica renovable;Argentina;2011;
Total;Argentina;2011;114719.765
Hidro;Bolivia;2011;2346.491175266667
Térmica no renovable;Bolivia;2011;4742.095357733519
Nuclear;Bolivia;2011;
Geotermia;Bolivia;2011;
Eólica;Bolivia;2011;0.0
Solar;Bolivia;2011;0.0
Otros;Bolivia;2011;
Térmica renovable;Bolivia;2011;130.73483
Total;Bolivia;2011;7219.321363000186
Hidro;Brasil;2011;428332.919871257
Térmica no renovable;Brasil;2011;52432.39170007977
Nuclear;Brasil;2011;15659.376
Geotermia;Brasil;2011;0.0
Eólica;Brasil;2011;2704.5
Solar;Brasil;2011;0.0
Otros;Brasil;2011;0.0
Térmica renovable;Brasil;2011;32629.0407198591
Total;Brasil;2011;531758.2282911958
Hidro;Chile;2011;20722.0709514686
Térmica no renovable;Chile;2011;40141.88415433862
Nuclear;Chile;2011;
Geotermia;Chile;2011;0.0
Eólica;Chile;2011;315.2152501350135
Solar;Chile;2011;0.0
Otros;Chile;2011;
Térmica renovable;Chile;2011;852.0058300000001
Total;Chile;2011;62031.17618594224
Hidro;Colombia;2011;48427.47813456011
Térmica no renovable;Colombia;2011;9740.621349480007
Nuclear;Colombia;2011;
Geotermia;Colombia;2011;
Eólica;Colombia;2011;41.2719445799997
Solar;Colombia;2011;0.0
Otros;Colombia;2011;
Térmica renovable;Colombia;2011;311.3579738699977
Total;Colombia;2011;58520.72940249013
Hidro;Costa Rica;2011;6782.34814581
Térmica no renovable;Costa Rica;2011;863.34151227
Nuclear;Costa Rica;2011;0.0
Geotermia;Costa Rica;2011;1286.68311207
Eólica;Costa Rica;2011;329.51028778
Solar;Costa Rica;2011;0.0
Otros;Costa Rica;2011;0.0
Térmica renovable;Costa Rica;2011;509.90019828
Total;Costa Rica;2011;9771.78325621
Hidro;Cuba;2011;99.2
Térmica no renovable;Cuba;2011;17186.6
Nuclear;Cuba;2011;
Geotermia;Cuba;2011;
Eólica;Cuba;2011;19.8
Solar;Cuba;2011;0.0
Otros;Cuba;2011;
Térmica renovable;Cuba;2011;453.8
Total;Cuba;2011;17759.4
Hidro;Ecuador;2011;11133.088253311
Térmica no renovable;Ecuador;2011;9129.451119896004
Nuclear;Ecuador;2011;0.0
Geotermia;Ecuador;2011;0.0
Eólica;Ecuador;2011;3.34467
Solar;Ecuador;2011;0.05811999999999999
Otros;Ecuador;2011;
Térmica renovable;Ecuador;2011;278.200369999
Total;Ecuador;2011;20544.14253320601
Hidro;El Salvador;2011;2006.0
Térmica no renovable;El Salvador;2011;2178.0
Nuclear;El Salvador;2011;
Geotermia;El Salvador;2011;1430.0
Eólica;El Salvador;2011;
Solar;El Salvador;2011;
Otros;El Salvador;2011;
Térmica renovable;El Salvador;2011;166.0
Total;El Salvador;2011;5780.0
Hidro;Guatemala;2011;4085.290636583463
Térmica no renovable;Guatemala;2011;2986.070486485794
Nuclear;Guatemala;2011;
Geotermia;Guatemala;2011;233.69247285541
Eólica;Guatemala;2011;0.0
Solar;Guatemala;2011;0.0
Otros;Guatemala;2011;
Térmica renovable;Guatemala;2011;822.2512933801463
Total;Guatemala;2011;8127.304889304814
Hidro;Haiti;2011;121.0
Térmica no renovable;Haiti;2011;565.5081169252979
Nuclear;Haiti;2011;
Geotermia;Haiti;2011;
Eólica;Haiti;2011;
Solar;Haiti;2011;0.9600000000000001
Otros;Haiti;2011;
Térmica renovable;Haiti;2011;
Total;Haiti;2011;687.468116925298
Hidro;Honduras;2011;2805.558076709892
Térmica no renovable;Honduras;2011;4091.317500000001
Nuclear;Honduras;2011;
Geotermia;Honduras;2011;0.0
Eólica;Honduras;2011;116.4
Solar;Honduras;2011;1.516451680978031
Otros;Honduras;2011;
Térmica renovable;Honduras;2011;341.0872552777778
Total;Honduras;2011;7355.879283668648
Hidro;México;2011;35795.896242
Térmica no renovable;México;2011;205134.5572109999
Nuclear;México;2011;10089.195025
Geotermia;México;2011;6506.614329
Eólica;México;2011;357.282677
Solar;México;2011;
Otros;México;2011;
Térmica renovable;México;2011;
Total;México;2011;257883.5454839999
Hidro;Nicaragua;2011;443.701155
Térmica no renovable;Nicaragua;2011;2524.467676269921
Nuclear;Nicaragua;2011;
Geotermia;Nicaragua;2011;272.8450200000001
Eólica;Nicaragua;2011;210.6623407
Solar;Nicaragua;2011;0.0
Otros;Nicaragua;2011;
Térmica renovable;Nicaragua;2011;372.7453917999999
Total;Nicaragua;2011;3824.421583769922
Hidro;Panamá;2011;4098.2
Térmica no renovable;Panamá;2011;3700.4
Nuclear;Panamá;2011;
Geotermia;Panamá;2011;
Eólica;Panamá;2011;
Solar;Panamá;2011;
Otros;Panamá;2011;
Térmica renovable;Panamá;2011;
Total;Panamá;2011;7798.599999999999
Hidro;Paraguay;2011;57624.09
Térmica no renovable;Paraguay;2011;0.9
Nuclear;Paraguay;2011;
Geotermia;Paraguay;2011;
Eólica;Paraguay;2011;
Solar;Paraguay;2011;
Otros;Paraguay;2011;
Térmica renovable;Paraguay;2011;
Total;Paraguay;2011;57624.99000000001
Hidro;Perú;2011;21557.3267167852
Térmica no renovable;Perú;2011;16993.17414599999
Nuclear;Perú;2011;
Geotermia;Perú;2011;
Eólica;Perú;2011;1.2264
Solar;Perú;2011;
Otros;Perú;2011;
Térmica renovable;Perú;2011;254.73334
Total;Perú;2011;38806.46060278519
Hidro;República Dominicana;2011;1504.0
Térmica no renovable;República Dominicana;2011;10960.0
Nuclear;República Dominicana;2011;
Geotermia;República Dominicana;2011;
Eólica;República Dominicana;2011;14.0
Solar;República Dominicana;2011;
Otros;República Dominicana;2011;
Térmica renovable;República Dominicana;2011;
Total;República Dominicana;2011;12478.0
Hidro;Uruguay;2011;6478.898
Térmica no renovable;Uruguay;2011;2627.172
Nuclear;Uruguay;2011;
Geotermia;Uruguay;2011;
Eólica;Uruguay;2011;111.307
Solar;Uruguay;2011;
Otros;Uruguay;2011;
Térmica renovable;Uruguay;2011;1127.547
Total;Uruguay;2011;10344.924
Hidro;Venezuela;2011;83259.73
Térmica no renovable;Venezuela;2011;39582.67
Nuclear;Venezuela;2011;
Geotermia;Venezuela;2011;
Eólica;Venezuela;2011;0.0
Solar;Venezuela;2011;2.98
Otros;Venezuela;2011;
Térmica renovable;Venezuela;2011;
Total;Venezuela;2011;122845.38
Hidro;Argentina;2012;29657.859
Térmica no renovable;Argentina;2012;84543.072
Nuclear;Argentina;2012;6395.161
Geotermia;Argentina;2012;
Eólica;Argentina;2012;369.24
Solar;Argentina;2012;8.17
Otros;Argentina;2012;
Térmica renovable;Argentina;2012;
Total;Argentina;2012;120973.502
Hidro;Bolivia;2012;2352.412111753334
Térmica no renovable;Bolivia;2012;5162.769287240797
Nuclear;Bolivia;2012;
Geotermia;Bolivia;2012;
Eólica;Bolivia;2012;0.0
Solar;Bolivia;2012;0.0
Otros;Bolivia;2012;
Térmica renovable;Bolivia;2012;145.27211
Total;Bolivia;2012;7660.453508994131
Hidro;Brasil;2012;415342.175456575
Térmica no renovable;Brasil;2012;80300.43840238966
Nuclear;Brasil;2012;16038.4
Geotermia;Brasil;2012;0.0
Eólica;Brasil;2012;5050.04637381568
Solar;Brasil;2012;1.61511625045
Otros;Brasil;2012;0.0
Térmica renovable;Brasil;2012;35765.6708601629
Total;Brasil;2012;552498.3462091937
Hidro;Chile;2012;20202.341998815
Térmica no renovable;Chile;2012;42959.11156386691
Nuclear;Chile;2012;
Geotermia;Chile;2012;0.0
Eólica;Chile;2012;389.6948950758587
Solar;Chile;2012;0.58433
Otros;Chile;2012;
Térmica renovable;Chile;2012;2201.804447317072
Total;Chile;2012;65753.53723507484
Hidro;Colombia;2012;47581.70976419005
Térmica no renovable;Colombia;2012;11909.64801335
Nuclear;Colombia;2012;
Geotermia;Colombia;2012;
Eólica;Colombia;2012;54.85471132999971
Solar;Colombia;2012;0.0
Otros;Colombia;2012;
Térmica renovable;Colombia;2012;343.8571695699976
Total;Colombia;2012;59890.06965844005
Hidro;Costa Rica;2012;7233.202947199999
Térmica no renovable;Costa Rica;2012;830.2836682100001
Nuclear;Costa Rica;2012;0.0
Geotermia;Costa Rica;2012;1402.55151324
Eólica;Costa Rica;2012;528.38361605
Solar;Costa Rica;2012;0.295038
Otros;Costa Rica;2012;0.0
Térmica renovable;Costa Rica;2012;81.62679408
Total;Costa Rica;2012;10076.34357678
Hidro;Cuba;2012;110.9
Térmica no renovable;Cuba;2012;17744.3
Nuclear;Cuba;2012;
Geotermia;Cuba;2012;
Eólica;Cuba;2012;21.7
Solar;Cuba;2012;0.0
Otros;Cuba;2012;
Térmica renovable;Cuba;2012;551.0
Total;Cuba;2012;18427.9
Hidro;Ecuador;2012;12237.72341363699
Térmica no renovable;Ecuador;2012;10311.15715650598
Nuclear;Ecuador;2012;0.0
Geotermia;Ecuador;2012;0.0
Eólica;Ecuador;2012;2.398368000000001
Solar;Ecuador;2012;0.3256600000000001
Otros;Ecuador;2012;
Térmica renovable;Ecuador;2012;296.3532419970001
Total;Ecuador;2012;22847.95784013997
Hidro;El Salvador;2012;1842.0
Térmica no renovable;El Salvador;2012;2428.0
Nuclear;El Salvador;2012;
Geotermia;El Salvador;2012;1420.0
Eólica;El Salvador;2012;
Solar;El Salvador;2012;
Otros;El Salvador;2012;
Térmica renovable;El Salvador;2012;222.0
Total;El Salvador;2012;5912.0
Hidro;Guatemala;2012;4510.457449140668
Térmica no renovable;Guatemala;2012;3076.549447200577
Nuclear;Guatemala;2012;
Geotermia;Guatemala;2012;254.1102788248264
Eólica;Guatemala;2012;0.0
Solar;Guatemala;2012;0.0
Otros;Guatemala;2012;
Térmica renovable;Guatemala;2012;1007.365748198419
Total;Guatemala;2012;8848.48292336449
Hidro;Haiti;2012;221.0
Térmica no renovable;Haiti;2012;939.56
Nuclear;Haiti;2012;
Geotermia;Haiti;2012;
Eólica;Haiti;2012;
Solar;Haiti;2012;1.74
Otros;Haiti;2012;
Térmica renovable;Haiti;2012;
Total;Haiti;2012;1162.3
Hidro;Honduras;2012;2786.761126858578
Térmica no renovable;Honduras;2012;4269.604022820001
Nuclear;Honduras;2012;
Geotermia;Honduras;2012;0.0
Eólica;Honduras;2012;338.283
Solar;Honduras;2012;1.858758140541338
Otros;Honduras;2012;
Térmica renovable;Honduras;2012;380.9657998897485
Total;Honduras;2012;7777.472707708868
Hidro;México;2012;31316.574257
Térmica no renovable;México;2012;212848.796033
Nuclear;México;2012;8769.598816000002
Geotermia;México;2012;5816.642183
Eólica;México;2012;1744.144413
Solar;México;2012;2.076424
Otros;México;2012;
Térmica renovable;México;2012;
Total;México;2012;260497.832126
Hidro;Nicaragua;2012;418.63302
Térmica no renovable;Nicaragua;2012;2295.993654816095
Nuclear;Nicaragua;2012;
Geotermia;Nicaragua;2012;523.31743
Eólica;Nicaragua;2012;329.5546694
Solar;Nicaragua;2012;0.0
Otros;Nicaragua;2012;
Térmica renovable;Nicaragua;2012;453.9649366899787
Total;Nicaragua;2012;4021.463710906074
Hidro;Panamá;2012;5388.1
Térmica no renovable;Panamá;2012;3189.4
Nuclear;Panamá;2012;
Geotermia;Panamá;2012;
Eólica;Panamá;2012;
Solar;Panamá;2012;
Otros;Panamá;2012;
Térmica renovable;Panamá;2012;
Total;Panamá;2012;8577.5
Hidro;Paraguay;2012;60231.54
Térmica no renovable;Paraguay;2012;3.07
Nuclear;Paraguay;2012;
Geotermia;Paraguay;2012;
Eólica;Paraguay;2012;
Solar;Paraguay;2012;
Otros;Paraguay;2012;
Térmica renovable;Paraguay;2012;
Total;Paraguay;2012;60234.61
Hidro;Perú;2012;22044.04105914624
Térmica no renovable;Perú;2012;18523.1819731182
Nuclear;Perú;2012;
Geotermia;Perú;2012;
Eólica;Perú;2012;1.2264
Solar;Perú;2012;55.583366799564
Otros;Perú;2012;
Térmica renovable;Perú;2012;395.9947964984681
Total;Perú;2012;41020.02759556247
Hidro;República Dominicana;2012;1772.0
Térmica no renovable;República Dominicana;2012;11492.0
Nuclear;República Dominicana;2012;
Geotermia;República Dominicana;2012;
Eólica;República Dominicana;2012;94.0
Solar;República Dominicana;2012;
Otros;República Dominicana;2012;
Térmica renovable;República Dominicana;2012;
Total;República Dominicana;2012;13358.0
Hidro;Uruguay;2012;5420.877
Térmica no renovable;Uruguay;2012;3748.303
Nuclear;Uruguay;2012;
Geotermia;Uruguay;2012;
Eólica;Uruguay;2012;112.456
Solar;Uruguay;2012;
Otros;Uruguay;2012;
Térmica renovable;Uruguay;2012;1313.776
Total;Uruguay;2012;10595.412
Hidro;Venezuela;2012;81852.3
Térmica no renovable;Venezuela;2012;45951.96
Nuclear;Venezuela;2012;
Geotermia;Venezuela;2012;
Eólica;Venezuela;2012;0.0
Solar;Venezuela;2012;5.22
Otros;Venezuela;2012;
Térmica renovable;Venezuela;2012;
Total;Venezuela;2012;127809.48
Hidro;Argentina;2013;33368.743079
Térmica no renovable;Argentina;2013;86098.1844971
Nuclear;Argentina;2013;6206.899
Geotermia;Argentina;2013;
Eólica;Argentina;2013;461.2699118
Solar;Argentina;2013;15.09192
Otros;Argentina;2013;
Térmica renovable;Argentina;2013;
Total;Argentina;2013;126150.1884079
Hidro;Bolivia;2013;2535.037996
Térmica no renovable;Bolivia;2013;5392.261353100117
Nuclear;Bolivia;2013;
Geotermia;Bolivia;2013;
Eólica;Bolivia;2013;0.0
Solar;Bolivia;2013;0.0
Otros;Bolivia;2013;
Térmica renovable;Bolivia;2013;135.6476
Total;Bolivia;2013;8062.946949100117
Hidro;Brasil;2013;390992.013973978
Térmica no renovable;Brasil;2013;116837.8999925495
Nuclear;Brasil;2013;15449.69
Geotermia;Brasil;2013;0.0
Eólica;Brasil;2013;6578.40984681571
Solar;Brasil;2013;4.7935926312
Otros;Brasil;2013;0.0
Térmica renovable;Brasil;2013;40971.846093115
Total;Brasil;2013;570834.6534990895
Hidro;Chile;2013;19608.34511142056
Térmica no renovable;Chile;2013;45457.16337355461
Nuclear;Chile;2013;
Geotermia;Chile;2013;0.0
Eólica;Chile;2013;548.1727642165877
Solar;Chile;2013;7.818441434871595
Otros;Chile;2013;
Térmica renovable;Chile;2013;2553.727787305619
Total;Chile;2013;68175.22747793225
Hidro;Colombia;2013;44362.79007342987
Térmica no renovable;Colombia;2013;17427.18450853001
Nuclear;Colombia;2013;
Geotermia;Colombia;2013;
Eólica;Colombia;2013;57.6248025999997
Solar;Colombia;2013;0.0
Otros;Colombia;2013;
Térmica renovable;Colombia;2013;348.9880349399979
Total;Colombia;2013;62196.58741949988
Hidro;Costa Rica;2013;6851.0442917
Térmica no renovable;Costa Rica;2013;1195.99652463
Nuclear;Costa Rica;2013;0.0
Geotermia;Costa Rica;2013;1516.7353508
Eólica;Costa Rica;2013;484.56895023
Solar;Costa Rica;2013;1.44156938
Otros;Costa Rica;2013;0.0
Térmica renovable;Costa Rica;2013;86.32273
Total;Costa Rica;2013;10136.10941674
Hidro;Cuba;2013;127.3
Térmica no renovable;Cuba;2013;18306.9
Nuclear;Cuba;2013;
Geotermia;Cuba;2013;
Eólica;Cuba;2013;25.6
Solar;Cuba;2013;0.0
Otros;Cuba;2013;
Térmica renovable;Cuba;2013;696.6
Total;Cuba;2013;19156.4
Hidro;Ecuador;2013;11038.824572776
Térmica no renovable;Ecuador;2013;11865.35095282201
Nuclear;Ecuador;2013;0.0
Geotermia;Ecuador;2013;0.0
Eólica;Ecuador;2013;56.702974648
Solar;Ecuador;2013;3.663606680000001
Otros;Ecuador;2013;
Térmica renovable;Ecuador;2013;295.787929997
Total;Ecuador;2013;23260.33003692301
Hidro;El Salvador;2013;1785.0
Térmica no renovable;El Salvador;2013;2416.0
Nuclear;El Salvador;2013;
Geotermia;El Salvador;2013;1442.0
Eólica;El Salvador;2013;
Solar;El Salvador;2013;
Otros;El Salvador;2013;
Térmica renovable;El Salvador;2013;229.0
Total;El Salvador;2013;5872.0
Hidro;Guatemala;2013;4653.857937470193
Térmica no renovable;Guatemala;2013;3147.296018668063
Nuclear;Guatemala;2013;
Geotermia;Guatemala;2013;213.7171169802004
Eólica;Guatemala;2013;0.0
Solar;Guatemala;2013;0.0
Otros;Guatemala;2013;
Térmica renovable;Guatemala;2013;1299.55341087512
Total;Guatemala;2013;9314.424483993576
Hidro;Haiti;2013;141.0
Térmica no renovable;Haiti;2013;961.8941561938959
Nuclear;Haiti;2013;
Geotermia;Haiti;2013;
Eólica;Haiti;2013;
Solar;Haiti;2013;2.21
Otros;Haiti;2013;
Térmica renovable;Haiti;2013;
Total;Haiti;2013;1105.104156193896
Hidro;Honduras;2013;2739.280616150629
Térmica no renovable;Honduras;2013;4673.189044000001
Nuclear;Honduras;2013;
Geotermia;Honduras;2013;0.0
Eólica;Honduras;2013;310.235
Solar;Honduras;2013;5.083819196657976
Otros;Honduras;2013;
Térmica renovable;Honduras;2013;396.211036357682
Total;Honduras;2013;8123.999515704969
Hidro;México;2013;27958.0
Térmica no renovable;México;2013;246569.0
Nuclear;México;2013;11800.0
Geotermia;México;2013;6070.0
Eólica;México;2013;4185.0
Solar;México;2013;19.0
Otros;México;2013;
Térmica renovable;México;2013;495.0
Total;México;2013;297096.0
Hidro;Nicaragua;2013;456.0642860417699
Térmica no renovable;Nicaragua;2013;1979.51463885215
Nuclear;Nicaragua;2013;
Geotermia;Nicaragua;2013;679.362426
Eólica;Nicaragua;2013;561.5711011302
Solar;Nicaragua;2013;0.6764189
Otros;Nicaragua;2013;
Térmica renovable;Nicaragua;2013;482.10776316
Total;Nicaragua;2013;4159.29663408412
Hidro;Panamá;2013;5154.3
Térmica no renovable;Panamá;2013;3768.8
Nuclear;Panamá;2013;
Geotermia;Panamá;2013;
Eólica;Panamá;2013;1.6
Solar;Panamá;2013;
Otros;Panamá;2013;
Térmica renovable;Panamá;2013;
Total;Panamá;2013;8924.7
Hidro;Paraguay;2013;60377.84
Térmica no renovable;Paraguay;2013;3.18
Nuclear;Paraguay;2013;
Geotermia;Paraguay;2013;
Eólica;Paraguay;2013;
Solar;Paraguay;2013;
Otros;Paraguay;2013;
Térmica renovable;Paraguay;2013;
Total;Paraguay;2013;60381.02
Hidro;Perú;2013;22319.56254998298
Térmica no renovable;Perú;2013;20319.95273800208
Nuclear;Perú;2013;
Geotermia;Perú;2013;
Eólica;Perú;2013;1.2264
Solar;Perú;2013;196.92788
Otros;Perú;2013;
Térmica renovable;Perú;2013;492.5059225002928
Total;Perú;2013;43330.17549048536
Hidro;República Dominicana;2013;2781.0
Térmica no renovable;República Dominicana;2013;11073.0
Nuclear;República Dominicana;2013;
Geotermia;República Dominicana;2013;
Eólica;República Dominicana;2013;239.0
Solar;República Dominicana;2013;
Otros;República Dominicana;2013;
Térmica renovable;República Dominicana;2013;
Total;República Dominicana;2013;14093.0
Hidro;Uruguay;2013;8205.917
Térmica no renovable;Uruguay;2013;1859.534
Nuclear;Uruguay;2013;
Geotermia;Uruguay;2013;
Eólica;Uruguay;2013;144.054
Solar;Uruguay;2013;
Otros;Uruguay;2013;
Térmica renovable;Uruguay;2013;1447.958
Total;Uruguay;2013;11657.463
Hidro;Venezuela;2013;81495.98
Térmica no renovable;Venezuela;2013;51034.54
Nuclear;Venezuela;2013;
Geotermia;Venezuela;2013;
Eólica;Venezuela;2013;88.27
Solar;Venezuela;2013;5.36
Otros;Venezuela;2013;
Térmica renovable;Venezuela;2013;
Total;Venezuela;2013;132624.15
Hidro;Argentina;2014;33098.4741405278
Térmica no renovable;Argentina;2014;84570.9914926101
Nuclear;Argentina;2014;4510.108
Geotermia;Argentina;2014;
Eólica;Argentina;2014;619.0939298
Solar;Argentina;2014;15.934235
Otros;Argentina;2014;
Térmica renovable;Argentina;2014;218.0
Total;Argentina;2014;123032.6017979379
Hidro;Bolivia;2014;2251.385113399999
Térmica no renovable;Bolivia;2014;6174.641075837038
Nuclear;Bolivia;2014;
Geotermia;Bolivia;2014;
Eólica;Bolivia;2014;8.157753999999999
Solar;Bolivia;2014;0.447632
Otros;Bolivia;2014;
Térmica renovable;Bolivia;2014;125.813625
Total;Bolivia;2014;8560.445200237036
Hidro;Brasil;2014;373439.060474269
Térmica no renovable;Brasil;2014;142419.0785651698
Nuclear;Brasil;2014;15378.46248
Geotermia;Brasil;2014;0.0
Eólica;Brasil;2014;12210.2516686888
Solar;Brasil;2014;16.0818016968
Otros;Brasil;2014;0.0
Térmica renovable;Brasil;2014;47079.1827899048
Total;Brasil;2014;590542.1177797292
Hidro;Chile;2014;23550.33761107601
Térmica no renovable;Chile;2014;41299.554870711
Nuclear;Chile;2014;
Geotermia;Chile;2014;0.0
Eólica;Chile;2014;1425.95439
Solar;Chile;2014;460.839093818
Otros;Chile;2014;
Térmica renovable;Chile;2014;3204.05543346
Total;Chile;2014;69940.74139906501
Hidro;Colombia;2014;44741.96339773992
Térmica no renovable;Colombia;2014;19073.95441249001
Nuclear;Colombia;2014;
Geotermia;Colombia;2014;
Eólica;Colombia;2014;70.23029788
Solar;Colombia;2014;0.0
Otros;Colombia;2014;
Térmica renovable;Colombia;2014;441.7067828200002
Total;Colombia;2014;64327.85489092994
Hidro;Costa Rica;2014;6717.15241476
Térmica no renovable;Costa Rica;2014;1043.20300778
Nuclear;Costa Rica;2014;0.0
Geotermia;Costa Rica;2014;1538.13568358
Eólica;Costa Rica;2014;734.75338073
Solar;Costa Rica;2014;1.46373817
Otros;Costa Rica;2014;0.0
Térmica renovable;Costa Rica;2014;83.62569812999999
Total;Costa Rica;2014;10118.33392315
Hidro;Cuba;2014;104.1
Térmica no renovable;Cuba;2014;18587.3
Nuclear;Cuba;2014;
Geotermia;Cuba;2014;
Eólica;Cuba;2014;19.1
Solar;Cuba;2014;18.1
Otros;Cuba;2014;
Térmica renovable;Cuba;2014;637.5
Total;Cuba;2014;19366.09999999999
Hidro;Ecuador;2014;11457.89563336801
Térmica no renovable;Ecuador;2014;12353.62136417999
Nuclear;Ecuador;2014;0.0
Geotermia;Ecuador;2014;0.0
Eólica;Ecuador;2014;79.74246653800003
Solar;Ecuador;2014;16.48269559
Otros;Ecuador;2014;
Térmica renovable;Ecuador;2014;399.4711829980001
Total;Ecuador;2014;24307.213342674
Hidro;El Salvador;2014;1784.0
Térmica no renovable;El Salvador;2014;2462.0
Nuclear;El Salvador;2014;
Geotermia;El Salvador;2014;1444.0
Eólica;El Salvador;2014;
Solar;El Salvador;2014;
Otros;El Salvador;2014;33.0
Térmica renovable;El Salvador;2014;229.0
Total;El Salvador;2014;5952.0
Hidro;Guatemala;2014;4749.6811989639
Térmica no renovable;Guatemala;2014;3184.351482087971
Nuclear;Guatemala;2014;
Geotermia;Guatemala;2014;242.6467569035905
Eólica;Guatemala;2014;0.0
Solar;Guatemala;2014;7.227775737553761
Otros;Guatemala;2014;
Térmica renovable;Guatemala;2014;1443.490068728594
Total;Guatemala;2014;9627.397282421609
Hidro;Haiti;2014;90.0
Térmica no renovable;Haiti;2014;940.97
Nuclear;Haiti;2014;
Geotermia;Haiti;2014;
Eólica;Haiti;2014;
Solar;Haiti;2014;2.52
Otros;Haiti;2014;
Térmica renovable;Haiti;2014;
Total;Haiti;2014;1033.49
Hidro;Honduras;2014;2614.616892232423
Térmica no renovable;Honduras;2014;4924.78224167593
Nuclear;Honduras;2014;
Geotermia;Honduras;2014;0.0
Eólica;Honduras;2014;398.30630498
Solar;Honduras;2014;14.17550539692389
Otros;Honduras;2014;
Térmica renovable;Honduras;2014;331.0574542968433
Total;Honduras;2014;8282.93839858212
Hidro;México;2014;38893.0
Térmica no renovable;México;2014;236103.0
Nuclear;México;2014;9677.208
Geotermia;México;2014;6000.0
Eólica;México;2014;6426.0
Solar;México;2014;85.0
Otros;México;2014;0.4
Térmica renovable;México;2014;4279.0
Total;México;2014;301463.608
Hidro;Nicaragua;2014;395.8763848900001
Térmica no renovable;Nicaragua;2014;2041.582143388001
Nuclear;Nicaragua;2014;
Geotermia;Nicaragua;2014;662.00797
Eólica;Nicaragua;2014;845.9678767800365
Solar;Nicaragua;2014;1.43017197
Otros;Nicaragua;2014;
Térmica renovable;Nicaragua;2014;491.61088488
Total;Nicaragua;2014;4438.475431908038
Hidro;Panamá;2014;5033.8
Térmica no renovable;Panamá;2014;4104.7
Nuclear;Panamá;2014;
Geotermia;Panamá;2014;
Eólica;Panamá;2014;116.3
Solar;Panamá;2014;1.3
Otros;Panamá;2014;
Térmica renovable;Panamá;2014;
Total;Panamá;2014;9256.099999999999
Hidro;Paraguay;2014;55276.43
Térmica no renovable;Paraguay;2014;5.93
Nuclear;Paraguay;2014;
Geotermia;Paraguay;2014;
Eólica;Paraguay;2014;
Solar;Paraguay;2014;
Otros;Paraguay;2014;
Térmica renovable;Paraguay;2014;
Total;Paraguay;2014;55282.36
Hidro;Perú;2014;22210.65948789465
Térmica no renovable;Perú;2014;22436.19651584618
Nuclear;Perú;2014;
Geotermia;Perú;2014;
Eólica;Perú;2014;257.5406575769008
Solar;Perú;2014;199.3035969455375
Otros;Perú;2014;
Térmica renovable;Perú;2014;446.1193139915455
Total;Perú;2014;45549.81957225482
Hidro;República Dominicana;2014;1261.0
Térmica no renovable;República Dominicana;2014;12800.0
Nuclear;República Dominicana;2014;
Geotermia;República Dominicana;2014;
Eólica;República Dominicana;2014;239.0
Solar;República Dominicana;2014;
Otros;República Dominicana;2014;
Térmica renovable;República Dominicana;2014;
Total;República Dominicana;2014;14300.0
Hidro;Uruguay;2014;9649.13
Térmica no renovable;Uruguay;2014;729.769
Nuclear;Uruguay;2014;
Geotermia;Uruguay;2014;
Eólica;Uruguay;2014;732.668
Solar;Uruguay;2014;3.427
Otros;Uruguay;2014;
Térmica renovable;Uruguay;2014;1893.267
Total;Uruguay;2014;13008.261
Hidro;Venezuela;2014;80363.81999999999
Térmica no renovable;Venezuela;2014;50402.82000000001
Nuclear;Venezuela;2014;
Geotermia;Venezuela;2014;
Eólica;Venezuela;2014;109.7215
Solar;Venezuela;2014;5.5985
Otros;Venezuela;2014;
Térmica renovable;Venezuela;2014;73.4
Total;Venezuela;2014;130955.36
Hidro;Argentina;2015;41457.79
Térmica no renovable;Argentina;2015;94708.611
Nuclear;Argentina;2015;6518.52
Geotermia;Argentina;2015;0.0
Eólica;Argentina;2015;592.05
Solar;Argentina;2015;14.67
Otros;Argentina;2015;0.0
Térmica renovable;Argentina;2015;301.2
Total;Argentina;2015;143592.841
Hidro;Bolivia;2015;2463.059231991273
Térmica no renovable;Bolivia;2015;6470.718563218587
Nuclear;Bolivia;2015;
Geotermia;Bolivia;2015;
Eólica;Bolivia;2015;11.450126
Solar;Bolivia;2015;4.794375501090909
Otros;Bolivia;2015;
Térmica renovable;Bolivia;2015;170.4710375
Total;Bolivia;2015;9120.49333421095
Hidro;Brasil;2015;359742.80819434
Térmica no renovable;Brasil;2015;135186.0539310578
Nuclear;Brasil;2015;14734.15264
Geotermia;Brasil;2015;0.0
Eólica;Brasil;2015;21625.7021604687
Solar;Brasil;2015;58.9174116761564
Otros;Brasil;2015;0.0
Térmica renovable;Brasil;2015;49880.3208309096
Total;Brasil;2015;581227.9551684522
Hidro;Chile;2015;23906.50227707921
Térmica no renovable;Chile;2015;41349.2881904925
Nuclear;Chile;2015;
Geotermia;Chile;2015;0.0
Eólica;Chile;2015;2104.133933799
Solar;Chile;2015;1373.479172266599
Otros;Chile;2015;
Térmica renovable;Chile;2015;3023.163313864871
Total;Chile;2015;71756.5668875022
Hidro;Colombia;2015;44681.90236707981
Térmica no renovable;Colombia;2015;21284.34149196001
Nuclear;Colombia;2015;
Geotermia;Colombia;2015;
Eólica;Colombia;2015;68.37744831
Solar;Colombia;2015;0.0
Otros;Colombia;2015;
Térmica renovable;Colombia;2015;513.8526236900002
Total;Colombia;2015;66548.47393103983
Hidro;Costa Rica;2015;8066.584889380001
Térmica no renovable;Costa Rica;2015;108.12013353
Nuclear;Costa Rica;2015;0.0
Geotermia;Costa Rica;2015;1375.62894079
Eólica;Costa Rica;2015;1079.50789785
Solar;Costa Rica;2015;1.53192359
Otros;Costa Rica;2015;0.0
Térmica renovable;Costa Rica;2015;82.27792947
Total;Costa Rica;2015;10713.65171461
Hidro;Cuba;2015;48.3
Térmica no renovable;Cuba;2015;19486.9
Nuclear;Cuba;2015;
Geotermia;Cuba;2015;
Eólica;Cuba;2015;21.13
Solar;Cuba;2015;28.97
Otros;Cuba;2015;
Térmica renovable;Cuba;2015;702.7
Total;Cuba;2015;20288.0
Hidro;Ecuador;2015;13096.27001169502
Térmica no renovable;Ecuador;2015;12311.30682629699
Nuclear;Ecuador;2015;0.0
Geotermia;Ecuador;2015;0.0
Eólica;Ecuador;2015;98.80631692100003
Solar;Ecuador;2015;36.05792718700004
Otros;Ecuador;2015;
Térmica renovable;Ecuador;2015;407.751048
Total;Ecuador;2015;25950.19213010001
Hidro;El Salvador;2015;1427.0
Térmica no renovable;El Salvador;2015;2459.0
Nuclear;El Salvador;2015;
Geotermia;El Salvador;2015;1432.0
Eólica;El Salvador;2015;
Solar;El Salvador;2015;7.03
Otros;El Salvador;2015;42.0
Térmica renovable;El Salvador;2015;345.0
Total;El Salvador;2015;5712.03
Hidro;Guatemala;2015;3953.061903963371
Térmica no renovable;Guatemala;2015;4446.915313107466
Nuclear;Guatemala;2015;
Geotermia;Guatemala;2015;258.0998586250816
Eólica;Guatemala;2015;110.614225125035
Solar;Guatemala;2015;153.0722105265635
Otros;Guatemala;2015;
Térmica renovable;Guatemala;2015;1644.688276606581
Total;Guatemala;2015;10566.4517879541
Hidro;Haiti;2015;83.0
Térmica no renovable;Haiti;2015;950.579999999999
Nuclear;Haiti;2015;
Geotermia;Haiti;2015;
Eólica;Haiti;2015;
Solar;Haiti;2015;3.0
Otros;Haiti;2015;
Térmica renovable;Haiti;2015;
Total;Haiti;2015;1036.579999999999
Hidro;Honduras;2015;2358.012378580894
Térmica no renovable;Honduras;2015;5000.871217643333
Nuclear;Honduras;2015;
Geotermia;Honduras;2015;0.0
Eólica;Honduras;2015;664.6452255800001
Solar;Honduras;2015;441.4319826673519
Otros;Honduras;2015;
Térmica renovable;Honduras;2015;542.1215493468432
Total;Honduras;2015;9007.082353818421
Hidro;México;2015;30892.0
Térmica no renovable;México;2015;246601.0
Nuclear;México;2015;11577.138
Geotermia;México;2015;6331.0
Eólica;México;2015;8745.0
Solar;México;2015;78.0
Otros;México;2015;161.0
Térmica renovable;México;2015;5168.0
Total;México;2015;309553.138
Hidro;Nicaragua;2015;295.1098070800001
Térmica no renovable;Nicaragua;2015;2290.004350799
Nuclear;Nicaragua;2015;
Geotermia;Nicaragua;2015;677.743448
Eólica;Nicaragua;2015;865.4416749328569
Solar;Nicaragua;2015;2.22468146
Otros;Nicaragua;2015;0.0
Térmica renovable;Nicaragua;2015;454.67005712
Total;Nicaragua;2015;4585.194019391857
Hidro;Panamá;2015;6256.6
Térmica no renovable;Panamá;2015;3570.3
Nuclear;Panamá;2015;
Geotermia;Panamá;2015;
Eólica;Panamá;2015;418.5
Solar;Panamá;2015;16.4
Otros;Panamá;2015;
Térmica renovable;Panamá;2015;
Total;Panamá;2015;10261.8
Hidro;Paraguay;2015;55742.79
Térmica no renovable;Paraguay;2015;1.37
Nuclear;Paraguay;2015;
Geotermia;Paraguay;2015;
Eólica;Paraguay;2015;
Solar;Paraguay;2015;
Otros;Paraguay;2015;
Térmica renovable;Paraguay;2015;
Total;Paraguay;2015;55744.16
Hidro;Perú;2015;23722.74756345759
Térmica no renovable;Perú;2015;23316.33735701929
Nuclear;Perú;2015;
Geotermia;Perú;2015;
Eólica;Perú;2015;595.6005314886701
Solar;Perú;2015;230.255343
Otros;Perú;2015;
Térmica renovable;Perú;2015;405.4632627503011
Total;Perú;2015;48270.40405771585
Hidro;República Dominicana;2015;934.0
Térmica no renovable;República Dominicana;2015;13752.0
Nuclear;República Dominicana;2015;
Geotermia;República Dominicana;2015;
Eólica;República Dominicana;2015;284.0
Solar;República Dominicana;2015;
Otros;República Dominicana;2015;
Térmica renovable;República Dominicana;2015;
Total;República Dominicana;2015;14970.0
Hidro;Uruguay;2015;8265.992
Térmica no renovable;Uruguay;2015;962.643
Nuclear;Uruguay;2015;
Geotermia;Uruguay;2015;
Eólica;Uruguay;2015;2065.118
Solar;Uruguay;2015;48.694
Otros;Uruguay;2015;
Térmica renovable;Uruguay;2015;2388.365
Total;Uruguay;2015;13730.812
Hidro;Venezuela;2015;74735.59999999999
Térmica no renovable;Venezuela;2015;51425.46
Nuclear;Venezuela;2015;
Geotermia;Venezuela;2015;
Eólica;Venezuela;2015;74.664
Solar;Venezuela;2015;5.666
Otros;Venezuela;2015;
Térmica renovable;Venezuela;2015;58.58
Total;Venezuela;2015;126299.97
Hidro;Argentina;2016;38058.03
Térmica no renovable;Argentina;2016;104848.23
Nuclear;Argentina;2016;7677.29
Geotermia;Argentina;2016;0.0
Eólica;Argentina;2016;546.77
Solar;Argentina;2016;14.263
Otros;Argentina;2016;0.0
Térmica renovable;Argentina;2016;281.5
Total;Argentina;2016;151426.083
Hidro;Bolivia;2016;1719.83734125
Térmica no renovable;Bolivia;2016;7495.912997916576
Nuclear;Bolivia;2016;
Geotermia;Bolivia;2016;
Eólica;Bolivia;2016;34.911444
Solar;Bolivia;2016;5.666269639999999
Otros;Bolivia;2016;
Térmica renovable;Bolivia;2016;147.01272375
Total;Bolivia;2016;9403.340776556577
Hidro;Brasil;2016;380910.942380121
Térmica no renovable;Brasil;2016;97214.19067173189
Nuclear;Brasil;2016;15864.3436670773
Geotermia;Brasil;2016;0.0
Eólica;Brasil;2016;33488.8719965995
Solar;Brasil;2016;85.2605915909737
Otros;Brasil;2016;0.0
Térmica renovable;Brasil;2016;51334.6995595824
Total;Brasil;2016;578898.3088667031
Hidro;Chile;2016;19462.86365525636
Térmica no renovable;Chile;2016;45815.31921012032
Nuclear;Chile;2016;
Geotermia;Chile;2016;0.0
Eólica;Chile;2016;2251.895507726213
Solar;Chile;2016;2563.506178636816
Otros;Chile;2016;
Térmica renovable;Chile;2016;3279.006542537605
Total;Chile;2016;73372.59109427732
Hidro;Colombia;2016;46787.92652678982
Térmica no renovable;Colombia;2016;18465.17527037001
Nuclear;Colombia;2016;
Geotermia;Colombia;2016;
Eólica;Colombia;2016;50.88734135999999
Solar;Colombia;2016;0.0
Otros;Colombia;2016;
Térmica renovable;Colombia;2016;597.81408389
Total;Colombia;2016;65901.80322240983
Hidro;Costa Rica;2016;8025.9454802
Térmica no renovable;Costa Rica;2016;193.0259209
Nuclear;Costa Rica;2016;0.0
Geotermia;Costa Rica;2016;1339.514916
Eólica;Costa Rica;2016;1147.29127185
Solar;Costa Rica;2016;1.41157462
Otros;Costa Rica;2016;0.0
Térmica renovable;Costa Rica;2016;74.50986836
Total;Costa Rica;2016;10781.69903193
Hidro;Cuba;2016;64.2
Térmica no renovable;Cuba;2016;19648.0
Nuclear;Cuba;2016;
Geotermia;Cuba;2016;
Eólica;Cuba;2016;20.8
Solar;Cuba;2016;39.3
Otros;Cuba;2016;
Térmica renovable;Cuba;2016;686.3
Total;Cuba;2016;20458.6
Hidro;Ecuador;2016;15833.84201488799
Térmica no renovable;Ecuador;2016;10867.90843474398
Nuclear;Ecuador;2016;0.0
Geotermia;Ecuador;2016;0.0
Eólica;Ecuador;2016;83.95875024700007
Solar;Ecuador;2016;38.754817694
Otros;Ecuador;2016;
Térmica renovable;Ecuador;2016;489.3979829979999
Total;Ecuador;2016;27313.86200057097
Hidro;El Salvador;2016;1339.0
Térmica no renovable;El Salvador;2016;2437.0
Nuclear;El Salvador;2016;
Geotermia;El Salvador;2016;1467.0
Eólica;El Salvador;2016;
Solar;El Salvador;2016;24.35
Otros;El Salvador;2016;33.0
Térmica renovable;El Salvador;2016;395.0
Total;El Salvador;2016;5695.35
Hidro;Guatemala;2016;3880.49539547888
Térmica no renovable;Guatemala;2016;4831.731877379455
Nuclear;Guatemala;2016;
Geotermia;Guatemala;2016;211.7674478358681
Eólica;Guatemala;2016;282.6236911928423
Solar;Guatemala;2016;188.8736696914499
Otros;Guatemala;2016;
Térmica renovable;Guatemala;2016;1742.216516790223
Total;Guatemala;2016;11137.70859836872
Hidro;Haiti;2016;71.0
Térmica no renovable;Haiti;2016;977.2857967490079
Nuclear;Haiti;2016;
Geotermia;Haiti;2016;
Eólica;Haiti;2016;
Solar;Haiti;2016;3.22
Otros;Haiti;2016;
Térmica renovable;Haiti;2016;
Total;Haiti;2016;1051.505796749008
Hidro;Honduras;2016;2246.245185162276
Térmica no renovable;Honduras;2016;4762.123962980344
Nuclear;Honduras;2016;
Geotermia;Honduras;2016;0.0
Eólica;Honduras;2016;582.88184191
Solar;Honduras;2016;917.0340985546411
Otros;Honduras;2016;
Térmica renovable;Honduras;2016;751.7714007380894
Total;Honduras;2016;9260.05648934535
Hidro;México;2016;30909.0
Térmica no renovable;México;2016;254496.0
Nuclear;México;2016;10567.174
Geotermia;México;2016;6148.0
Eólica;México;2016;10463.0
Solar;México;2016;160.0
Otros;México;2016;92.0
Térmica renovable;México;2016;6528.0
Total;México;2016;319363.174
Hidro;Nicaragua;2016;426.6941331200001
Térmica no renovable;Nicaragua;2016;2199.588634404794
Nuclear;Nicaragua;2016;
Geotermia;Nicaragua;2016;705.56154
Eólica;Nicaragua;2016;729.0357360000002
Solar;Nicaragua;2016;2.16003559
Otros;Nicaragua;2016;0.0
Térmica renovable;Nicaragua;2016;533.2437902399998
Total;Nicaragua;2016;4596.283869354795
Hidro;Panamá;2016;6522.5
Térmica no renovable;Panamá;2016;3633.9
Nuclear;Panamá;2016;
Geotermia;Panamá;2016;
Eólica;Panamá;2016;625.2
Solar;Panamá;2016;71.4
Otros;Panamá;2016;
Térmica renovable;Panamá;2016;
Total;Panamá;2016;10853.0
Hidro;Paraguay;2016;63770.15
Térmica no renovable;Paraguay;2016;1.25
Nuclear;Paraguay;2016;
Geotermia;Paraguay;2016;
Eólica;Paraguay;2016;
Solar;Paraguay;2016;
Otros;Paraguay;2016;
Térmica renovable;Paraguay;2016;
Total;Paraguay;2016;63771.4
Hidro;Perú;2016;24171.68775076262
Térmica no renovable;Perú;2016;25776.80676526084
Nuclear;Perú;2016;
Geotermia;Perú;2016;
Eólica;Perú;2016;1063.829085406454
Solar;Perú;2016;241.008559
Otros;Perú;2016;
Térmica renovable;Perú;2016;446.6417707773206
Total;Perú;2016;51699.97393120724
Hidro;República Dominicana;2016;1501.0
Térmica no renovable;República Dominicana;2016;13956.0
Nuclear;República Dominicana;2016;
Geotermia;República Dominicana;2016;
Eólica;República Dominicana;2016;313.0
Solar;República Dominicana;2016;23.0
Otros;República Dominicana;2016;
Térmica renovable;República Dominicana;2016;
Total;República Dominicana;2016;15793.0
Hidro;Uruguay;2016;7842.237
Térmica no renovable;Uruguay;2016;463.261483724071
Nuclear;Uruguay;2016;
Geotermia;Uruguay;2016;
Eólica;Uruguay;2016;2994.348
Solar;Uruguay;2016;151.911
Otros;Uruguay;2016;
Térmica renovable;Uruguay;2016;2432.721
Total;Uruguay;2016;13884.47848372407
Hidro;Venezuela;2016;62958.22
Térmica no renovable;Venezuela;2016;53087.9
Nuclear;Venezuela;2016;
Geotermia;Venezuela;2016;
Eólica;Venezuela;2016;97.986
Solar;Venezuela;2016;5.684
Otros;Venezuela;2016;
Térmica renovable;Venezuela;2016;11.09
Total;Venezuela;2016;116160.88
Hidro;Argentina;2017;41325.86
Térmica no renovable;Argentina;2017;103262.13
Nuclear;Argentina;2017;5716.23
Geotermia;Argentina;2017;0.0
Eólica;Argentina;2017;615.82
Solar;Argentina;2017;16.41
Otros;Argentina;2017;0.0
Térmica renovable;Argentina;2017;345.508
Total;Argentina;2017;151281.958
Hidro;Bolivia;2017;2233.536582837668
Térmica no renovable;Bolivia;2017;7266.088265011911
Nuclear;Bolivia;2017;
Geotermia;Bolivia;2017;
Eólica;Bolivia;2017;60.383279
Solar;Bolivia;2017;6.890204850000001
Otros;Bolivia;2017;
Térmica renovable;Bolivia;2017;130.12948
Total;Bolivia;2017;9697.027811699578
Hidro;Brasil;2017;370906.456376092
Térmica no renovable;Brasil;2017;106564.4976011696
Nuclear;Brasil;2017;15739.196437943
Geotermia;Brasil;2017;0.0
Eólica;Brasil;2017;42373.2582483552
Solar;Brasil;2017;831.813401317189
Otros;Brasil;2017;0.0
Térmica renovable;Brasil;2017;52912.1053357326
Total;Brasil;2017;589327.3274006096
Hidro;Chile;2017;21808.24421167295
Térmica no renovable;Chile;2017;42562.1617026388
Nuclear;Chile;2017;
Geotermia;Chile;2017;63.83155023796063
Eólica;Chile;2017;3551.66104181981
Solar;Chile;2017;3902.293794328539
Otros;Chile;2017;
Térmica renovable;Chile;2017;2334.016914088969
Total;Chile;2017;74222.20921478701
Hidro;Colombia;2017;57341.89220042977
Térmica no renovable;Colombia;2017;8656.314027370001
Nuclear;Colombia;2017;
Geotermia;Colombia;2017;
Eólica;Colombia;2017;3.07141922
Solar;Colombia;2017;5.387607279999999
Otros;Colombia;2017;
Térmica renovable;Colombia;2017;632.4473456900001
Total;Colombia;2017;66639.11259998978
Hidro;Costa Rica;2017;8676.96051809
Térmica no renovable;Costa Rica;2017;37.41535154
Nuclear;Costa Rica;2017;0.0
Geotermia;Costa Rica;2017;1117.832169
Eólica;Costa Rica;2017;1287.67852872
Solar;Costa Rica;2017;2.69606656
Otros;Costa Rica;2017;0.0
Térmica renovable;Costa Rica;2017;87.51555714
Total;Costa Rica;2017;11210.09819105
Hidro;Cuba;2017;83.0
Térmica no renovable;Cuba;2017;19771.8
Nuclear;Cuba;2017;
Geotermia;Cuba;2017;
Eólica;Cuba;2017;23.0
Solar;Cuba;2017;58.3
Otros;Cuba;2017;
Térmica renovable;Cuba;2017;622.0
Total;Cuba;2017;20558.1
Hidro;Ecuador;2017;20088.60626488899
Térmica no renovable;Ecuador;2017;7374.74923089302
Nuclear;Ecuador;2017;0.0
Geotermia;Ecuador;2017;0.0
Eólica;Ecuador;2017;73.39945797700004
Solar;Ecuador;2017;37.47801408800004
Otros;Ecuador;2017;
Térmica renovable;Ecuador;2017;458.6770649970001
Total;Ecuador;2017;28032.91003284401
Hidro;El Salvador;2017;1700.0
Térmica no renovable;El Salvador;2017;1276.0
Nuclear;El Salvador;2017;
Geotermia;El Salvador;2017;1460.0
Eólica;El Salvador;2017;
Solar;El Salvador;2017;167.5
Otros;El Salvador;2017;34.0
Térmica renovable;El Salvador;2017;433.0
Total;El Salvador;2017;5070.5
Hidro;Guatemala;2017;5765.328137462093
Térmica no renovable;Guatemala;2017;3460.036434849816
Nuclear;Guatemala;2017;
Geotermia;Guatemala;2017;253.047620115126
Eólica;Guatemala;2017;218.055009221379
Solar;Guatemala;2017;198.203022721015
Otros;Guatemala;2017;
Térmica renovable;Guatemala;2017;1595.228577223319
Total;Guatemala;2017;11489.89880159275
Hidro;Haiti;2017;127.0
Térmica no renovable;Haiti;2017;933.1628987609499
Nuclear;Haiti;2017;
Geotermia;Haiti;2017;
Eólica;Haiti;2017;
Solar;Haiti;2017;3.68
Otros;Haiti;2017;
Térmica renovable;Haiti;2017;
Total;Haiti;2017;1063.84289876095
Hidro;Honduras;2017;2970.708074865953
Térmica no renovable;Honduras;2017;4022.6271542406
Nuclear;Honduras;2017;
Geotermia;Honduras;2017;92.58463612999999
Eólica;Honduras;2017;578.08669574
Solar;Honduras;2017;965.3344387618226
Otros;Honduras;2017;
Térmica renovable;Honduras;2017;805.9491265539323
Total;Honduras;2017;9435.290126292308
Hidro;México;2017;31664.0
Térmica no renovable;México;2017;237667.0
Nuclear;México;2017;10572.0
Geotermia;México;2017;5747.0
Eólica;México;2017;10456.0
Solar;México;2017;349.0
Otros;México;2017;585.0
Térmica renovable;México;2017;5840.0
Total;México;2017;302880.0
Hidro;Nicaragua;2017;467.57654906
Térmica no renovable;Nicaragua;2017;1994.164761374406
Nuclear;Nicaragua;2017;
Geotermia;Nicaragua;2017;750.8569990000001
Eólica;Nicaragua;2017;634.5567118
Solar;Nicaragua;2017;13.90917564
Otros;Nicaragua;2017;0.0
Térmica renovable;Nicaragua;2017;666.40085269
Total;Nicaragua;2017;4527.465049564405
Hidro;Panamá;2017;7253.5
Térmica no renovable;Panamá;2017;3108.7
Nuclear;Panamá;2017;
Geotermia;Panamá;2017;
Eólica;Panamá;2017;491.2
Solar;Panamá;2017;155.9
Otros;Panamá;2017;
Térmica renovable;Panamá;2017;9.5
Total;Panamá;2017;11018.8
Hidro;Paraguay;2017;59683.82
Térmica no renovable;Paraguay;2017;1.51
Nuclear;Paraguay;2017;
Geotermia;Paraguay;2017;
Eólica;Paraguay;2017;
Solar;Paraguay;2017;
Otros;Paraguay;2017;
Térmica renovable;Paraguay;2017;
Total;Paraguay;2017;59685.33
Hidro;Perú;2017;29074.51349761578
Térmica no renovable;Perú;2017;21863.61464478935
Nuclear;Perú;2017;
Geotermia;Perú;2017;
Eólica;Perú;2017;1073.432268
Solar;Perú;2017;287.200343
Otros;Perú;2017;
Térmica renovable;Perú;2017;401.2925668676932
Total;Perú;2017;52700.05332027281
Hidro;República Dominicana;2017;2176.0
Térmica no renovable;República Dominicana;2017;13588.96
Nuclear;República Dominicana;2017;
Geotermia;República Dominicana;2017;
Eólica;República Dominicana;2017;378.0
Solar;República Dominicana;2017;47.0
Otros;República Dominicana;2017;
Térmica renovable;República Dominicana;2017;137.04
Total;República Dominicana;2017;16327.0
Hidro;Uruguay;2017;7517.857
Térmica no renovable;Uruguay;2017;249.18218852068
Nuclear;Uruguay;2017;
Geotermia;Uruguay;2017;
Eólica;Uruguay;2017;3774.476
Solar;Uruguay;2017;268.558
Otros;Uruguay;2017;
Térmica renovable;Uruguay;2017;2553.139
Total;Uruguay;2017;14363.21218852068
Hidro;Venezuela;2017;70035.48
Térmica no renovable;Venezuela;2017;40191.21
Nuclear;Venezuela;2017;
Geotermia;Venezuela;2017;
Eólica;Venezuela;2017;95.649
Solar;Venezuela;2017;4.901
Otros;Venezuela;2017;
Térmica renovable;Venezuela;2017;16.34
Total;Venezuela;2017;110343.58
Hidro;Argentina;2018;41384.0
Térmica no renovable;Argentina;2018;87727.0
Nuclear;Argentina;2018;6453.0
Geotermia;Argentina;2018;0.0
Eólica;Argentina;2018;1413.0
Solar;Argentina;2018;108.0
Otros;Argentina;2018;
Térmica renovable;Argentina;2018;397.0
Total;Argentina;2018;137482.0
Hidro;Bolivia;2018;2612.365350082192
Térmica no renovable;Bolivia;2018;7021.393443905764
Nuclear;Bolivia;2018;
Geotermia;Bolivia;2018;
Eólica;Bolivia;2018;58.839733
Solar;Bolivia;2018;127.42617325
Otros;Bolivia;2018;
Térmica renovable;Bolivia;2018;129.1667583019443
Total;Bolivia;2018;9949.1914585399
Hidro;Brasil;2018;388971.075877389
Térmica no renovable;Brasil;2018;90432.71433780676
Nuclear;Brasil;2018;15673.8870220224
Geotermia;Brasil;2018;0.0
Eólica;Brasil;2018;48475.141213601
Solar;Brasil;2018;3461.43483422597
Otros;Brasil;2018;0.0
Térmica renovable;Brasil;2018;54382.2343713919
Total;Brasil;2018;601396.487656437
Hidro;Chile;2018;23208.45911137271
Térmica no renovable;Chile;2018;41308.59996517447
Nuclear;Chile;2018;
Geotermia;Chile;2018;213.7835924999999
Eólica;Chile;2018;4020.664837320735
Solar;Chile;2018;5452.146111408107
Otros;Chile;2018;
Térmica renovable;Chile;2018;2535.878856732895
Total;Chile;2018;76739.53247450892
Hidro;Colombia;2018;56647.01406994969
Térmica no renovable;Colombia;2018;10776.17458313
Nuclear;Colombia;2018;
Geotermia;Colombia;2018;
Eólica;Colombia;2018;43.43735494
Solar;Colombia;2018;11.99982099
Otros;Colombia;2018;
Térmica renovable;Colombia;2018;730.0788733000004
Total;Colombia;2018;68208.70470230968
Hidro;Costa Rica;2018;8342.89698976
Térmica no renovable;Costa Rica;2018;158.55108427
Nuclear;Costa Rica;2018;0.0
Geotermia;Costa Rica;2018;968.570707
Eólica;Costa Rica;2018;1798.87465194
Solar;Costa Rica;2018;9.891392559999998
Otros;Costa Rica;2018;0.0
Térmica renovable;Costa Rica;2018;76.66843168999999
Total;Costa Rica;2018;11355.45325722
Hidro;Cuba;2018;145.5
Térmica no renovable;Cuba;2018;20079.7
Nuclear;Cuba;2018;
Geotermia;Cuba;2018;
Eólica;Cuba;2018;19.0
Solar;Cuba;2018;148.8
Otros;Cuba;2018;
Térmica renovable;Cuba;2018;444.0
Total;Cuba;2018;20837.0
Hidro;Ecuador;2018;20678.00186765503
Térmica no renovable;Ecuador;2018;8019.281290949975
Nuclear;Ecuador;2018;0.0
Geotermia;Ecuador;2018;0.0
Eólica;Ecuador;2018;80.257771291
Solar;Ecuador;2018;38.07932406500003
Otros;Ecuador;2018;
Térmica renovable;Ecuador;2018;427.9676514750002
Total;Ecuador;2018;29243.587905436
Hidro;El Salvador;2018;1626.6
Térmica no renovable;El Salvador;2018;1179.57
Nuclear;El Salvador;2018;
Geotermia;El Salvador;2018;1437.25
Eólica;El Salvador;2018;
Solar;El Salvador;2018;284.37
Otros;El Salvador;2018;27.33
Térmica renovable;El Salvador;2018;488.75
Total;El Salvador;2018;5043.87
Hidro;Guatemala;2018;5190.984977875047
Térmica no renovable;Guatemala;2018;4791.615705716614
Nuclear;Guatemala;2018;
Geotermia;Guatemala;2018;249.753970035691
Eólica;Guatemala;2018;319.500701829485
Solar;Guatemala;2018;208.312979430673
Otros;Guatemala;2018;
Térmica renovable;Guatemala;2018;1762.222934675089
Total;Guatemala;2018;12522.3912695626
Hidro;Haiti;2018;197.0
Térmica no renovable;Haiti;2018;878.509083055801
Nuclear;Haiti;2018;
Geotermia;Haiti;2018;
Eólica;Haiti;2018;0.03
Solar;Haiti;2018;4.12
Otros;Haiti;2018;
Térmica renovable;Haiti;2018;
Total;Haiti;2018;1079.659083055801
Hidro;Honduras;2018;3154.6467933656
Térmica no renovable;Honduras;2018;3557.593315865
Nuclear;Honduras;2018;
Geotermia;Honduras;2018;297.06838798
Eólica;Honduras;2018;928.70476683
Solar;Honduras;2018;1043.628726446576
Otros;Honduras;2018;
Térmica renovable;Honduras;2018;723.7257025952813
Total;Honduras;2018;9705.367693082455
Hidro;México;2018;32234.0
Térmica no renovable;México;2018;243414.81
Nuclear;México;2018;13200.0
Geotermia;México;2018;5065.0
Eólica;México;2018;12435.0
Solar;México;2018;3211.71
Otros;México;2018;1989.17
Térmica renovable;México;2018;2428.549999999988
Total;México;2018;313978.24
Hidro;Nicaragua;2018;410.891777798
Térmica no renovable;Nicaragua;2018;1914.850255656932
Nuclear;Nicaragua;2018;
Geotermia;Nicaragua;2018;801.39538988
Eólica;Nicaragua;2018;800.5917583061223
Solar;Nicaragua;2018;23.98539682
Otros;Nicaragua;2018;
Térmica renovable;Nicaragua;2018;701.6974008230864
Total;Nicaragua;2018;4653.411979284141
Hidro;Panamá;2018;7855.2
Térmica no renovable;Panamá;2018;2538.5
Nuclear;Panamá;2018;
Geotermia;Panamá;2018;
Eólica;Panamá;2018;587.9
Solar;Panamá;2018;232.6
Otros;Panamá;2018;
Térmica renovable;Panamá;2018;17.6
Total;Panamá;2018;11231.8
Hidro;Paraguay;2018;59210.94
Térmica no renovable;Paraguay;2018;1.55
Nuclear;Paraguay;2018;
Geotermia;Paraguay;2018;
Eólica;Paraguay;2018;
Solar;Paraguay;2018;
Otros;Paraguay;2018;
Térmica renovable;Paraguay;2018;
Total;Paraguay;2018;59212.49000000001
Hidro;Perú;2018;30737.45760933818
Térmica no renovable;Perú;2018;21501.65762032162
Nuclear;Perú;2018;
Geotermia;Perú;2018;
Eólica;Perú;2018;1502.438167816666
Solar;Perú;2018;745.4005400000001
Otros;Perú;2018;
Térmica renovable;Perú;2018;406.2032219500001
Total;Perú;2018;54893.15715942648
Hidro;República Dominicana;2018;1761.0
Térmica no renovable;República Dominicana;2018;14237.31
Nuclear;República Dominicana;2018;
Geotermia;República Dominicana;2018;
Eólica;República Dominicana;2018;481.0
Solar;República Dominicana;2018;82.0
Otros;República Dominicana;2018;
Térmica renovable;República Dominicana;2018;201.69
Total;República Dominicana;2018;16763.0
Hidro;Uruguay;2018;6556.625
Térmica no renovable;Uruguay;2018;391.352444492114
Nuclear;Uruguay;2018;
Geotermia;Uruguay;2018;
Eólica;Uruguay;2018;4732.211
Solar;Uruguay;2018;413.551923455965
Otros;Uruguay;2018;
Térmica renovable;Uruguay;2018;2529.479
Total;Uruguay;2018;14623.21936794808
Hidro;Venezuela;2018;65281.89
Térmica no renovable;Venezuela;2018;26939.85
Nuclear;Venezuela;2018;
Geotermia;Venezuela;2018;
Eólica;Venezuela;2018;0.429
Solar;Venezuela;2018;0.351
Otros;Venezuela;2018;
Térmica renovable;Venezuela;2018;40.9
Total;Venezuela;2018;92263.41999999998
Hidro;Argentina;2019;35370.0
Térmica no renovable;Argentina;2019;80137.0
Nuclear;Argentina;2019;7927.0
Geotermia;Argentina;2019;0.0
Eólica;Argentina;2019;4995.0
Solar;Argentina;2019;800.0
Otros;Argentina;2019;
Térmica renovable;Argentina;2019;554.0
Total;Argentina;2019;129783.0
Hidro;Bolivia;2019;3250.474277170237
Térmica no renovable;Bolivia;2019;6507.533310408788
Nuclear;Bolivia;2019;
Geotermia;Bolivia;2019;
Eólica;Bolivia;2019;70.219458
Solar;Bolivia;2019;189.02966034
Otros;Bolivia;2019;
Térmica renovable;Bolivia;2019;217.0133065606684
Total;Bolivia;2019;10234.27001247969
Hidro;Brasil;2019;397877.056628865
Térmica no renovable;Brasil;2019;94761.42854576053
Nuclear;Brasil;2019;16128.8243022173
Geotermia;Brasil;2019;0.0
Eólica;Brasil;2019;55985.621679834
Solar;Brasil;2019;6654.57908280807
Otros;Brasil;2019;0.0
Térmica renovable;Brasil;2019;54920.876610949
Total;Brasil;2019;626328.386850434
Hidro;Chile;2019;20829.8743885433
Térmica no renovable;Chile;2019;43033.88480575719
Nuclear;Chile;2019;
Geotermia;Chile;2019;201.6426881
Eólica;Chile;2019;4818.101966361401
Solar;Chile;2019;6380.809191314234
Otros;Chile;2019;
Térmica renovable;Chile;2019;2131.583284556822
Total;Chile;2019;77395.89632463294
Hidro;Colombia;2019;54144.55518273979
Térmica no renovable;Colombia;2019;14666.82198984
Nuclear;Colombia;2019;
Geotermia;Colombia;2019;
Eólica;Colombia;2019;62.92682917
Solar;Colombia;2019;131.22602388
Otros;Colombia;2019;
Térmica renovable;Colombia;2019;696.13327416
Total;Colombia;2019;69701.66329978978
Hidro;Costa Rica;2019;7826.66076
Térmica no renovable;Costa Rica;2019;95.63592
Nuclear;Costa Rica;2019;0.0
Geotermia;Costa Rica;2019;1512.57536
Eólica;Costa Rica;2019;1796.34439
Solar;Costa Rica;2019;9.58675
Otros;Costa Rica;2019;0.0
Térmica renovable;Costa Rica;2019;72.05081
Total;Costa Rica;2019;11312.85399
Hidro;Cuba;2019;124.467
Térmica no renovable;Cuba;2019;20255.57044
Nuclear;Cuba;2019;
Geotermia;Cuba;2019;
Eólica;Cuba;2019;27.0
Solar;Cuba;2019;223.533
Otros;Cuba;2019;
Térmica renovable;Cuba;2019;524.5
Total;Cuba;2019;21155.07044
Hidro;Ecuador;2019;24640.57287828901
Térmica no renovable;Ecuador;2019;7066.238134065999
Nuclear;Ecuador;2019;0.0
Geotermia;Ecuador;2019;0.0
Eólica;Ecuador;2019;85.52693725000002
Solar;Ecuador;2019;37.61711371300003
Otros;Ecuador;2019;
Térmica renovable;Ecuador;2019;454.72544807
Total;Ecuador;2019;32284.68051138801
Hidro;El Salvador;2019;1523.06785
Térmica no renovable;El Salvador;2019;1605.2
Nuclear;El Salvador;2019;
Geotermia;El Salvador;2019;1372.7
Eólica;El Salvador;2019;
Solar;El Salvador;2019;489.60977
Otros;El Salvador;2019;29.0
Térmica renovable;El Salvador;2019;551.6
Total;El Salvador;2019;5571.17762
Hidro;Guatemala;2019;4381.129484010215
Térmica no renovable;Guatemala;2019;5147.331330264865
Nuclear;Guatemala;2019;
Geotermia;Guatemala;2019;262.136966410751
Eólica;Guatemala;2019;330.77653863802
Solar;Guatemala;2019;233.405217049249
Otros;Guatemala;2019;
Térmica renovable;Guatemala;2019;1873.452811732903
Total;Guatemala;2019;12228.232348106
Hidro;Haiti;2019;200.0
Térmica no renovable;Haiti;2019;891.469515861294
Nuclear;Haiti;2019;
Geotermia;Haiti;2019;
Eólica;Haiti;2019;0.07
Solar;Haiti;2019;4.18
Otros;Haiti;2019;
Térmica renovable;Haiti;2019;
Total;Haiti;2019;1095.719515861294
Hidro;Honduras;2019;2430.079431644812
Térmica no renovable;Honduras;2019;4900.224510836981
Nuclear;Honduras;2019;
Geotermia;Honduras;2019;295.91814482
Eólica;Honduras;2019;818.28999192
Solar;Honduras;2019;1175.5999138344
Otros;Honduras;2019;
Térmica renovable;Honduras;2019;965.7638565713727
Total;Honduras;2019;10585.87584962757
Hidro;México;2019;23602.0
Térmica no renovable;México;2019;250101.03
Nuclear;México;2019;10881.0
Geotermia;México;2019;5061.0
Eólica;México;2019;16727.0
Solar;México;2019;9964.32
Otros;México;2019;1866.49
Térmica renovable;México;2019;3381.579999999958
Total;México;2019;321584.42
Hidro;Nicaragua;2019;226.985644037552
Térmica no renovable;Nicaragua;2019;1980.368114104263
Nuclear;Nicaragua;2019;
Geotermia;Nicaragua;2019;778.1310759140003
Eólica;Nicaragua;2019;730.1650579999999
Solar;Nicaragua;2019;25.64056841021728
Otros;Nicaragua;2019;
Térmica renovable;Nicaragua;2019;841.1214940399998
Total;Nicaragua;2019;4582.411954506033
Hidro;Panamá;2019;5096.3
Térmica no renovable;Panamá;2019;6785.7
Nuclear;Panamá;2019;
Geotermia;Panamá;2019;
Eólica;Panamá;2019;724.6
Solar;Panamá;2019;294.8
Otros;Panamá;2019;
Térmica renovable;Panamá;2019;20.3
Total;Panamá;2019;12921.7
Hidro;Paraguay;2019;49445.48
Térmica no renovable;Paraguay;2019;2.04
Nuclear;Paraguay;2019;
Geotermia;Paraguay;2019;
Eólica;Paraguay;2019;
Solar;Paraguay;2019;
Otros;Paraguay;2019;
Térmica renovable;Paraguay;2019;
Total;Paraguay;2019;49447.52
Hidro;Perú;2019;31462.08838478286
Térmica no renovable;Perú;2019;22545.15480898396
Nuclear;Perú;2019;
Geotermia;Perú;2019;
Eólica;Perú;2019;1655.038993
Solar;Perú;2019;763.05864
Otros;Perú;2019;
Térmica renovable;Perú;2019;543.16329547
Total;Perú;2019;56968.50412223682
Hidro;República Dominicana;2019;1025.13
Térmica no renovable;República Dominicana;2019;16256.8
Nuclear;República Dominicana;2019;
Geotermia;República Dominicana;2019;
Eólica;República Dominicana;2019;789.0
Solar;República Dominicana;2019;159.6
Otros;República Dominicana;2019;
Térmica renovable;República Dominicana;2019;206.5
Total;República Dominicana;2019;18437.03
Hidro;Uruguay;2019;8108.275
Térmica no renovable;Uruguay;2019;314.661670778443
Nuclear;Uruguay;2019;
Geotermia;Uruguay;2019;
Eólica;Uruguay;2019;4752.355292692857
Solar;Uruguay;2019;423.5232429536
Otros;Uruguay;2019;
Térmica renovable;Uruguay;2019;2491.311729317421
Total;Uruguay;2019;16090.12693574232
Hidro;Venezuela;2019;62789.4
Térmica no renovable;Venezuela;2019;15267.10000000002
Nuclear;Venezuela;2019;
Geotermia;Venezuela;2019;
Eólica;Venezuela;2019;59.6
Solar;Venezuela;2019;0.3375
Otros;Venezuela;2019;
Térmica renovable;Venezuela;2019;0.0
Total;Venezuela;2019;78116.43750000003
Hidro;Argentina;2020;23756.0
Térmica no renovable;Argentina;2020;82336.0
Nuclear;Argentina;2020;10011.0
Geotermia;Argentina;2020;
Eólica;Argentina;2020;9411.0
Solar;Argentina;2020;1344.0
Otros;Argentina;2020;
Térmica renovable;Argentina;2020;725.0
Total;Argentina;2020;127583.0
Hidro;Bolivia;2020;2942.19564917
Térmica no renovable;Bolivia;2020;6520.70822852292
Nuclear;Bolivia;2020;
Geotermia;Bolivia;2020;
Eólica;Bolivia;2020;64.209097
Solar;Bolivia;2020;249.989163055
Otros;Bolivia;2020;
Térmica renovable;Bolivia;2020;260.161521577898
Total;Bolivia;2020;10037.26365932582
Hidro;Brasil;2020;396381.195389494
Térmica no renovable;Brasil;2020;91789.02651379505
Nuclear;Brasil;2020;14052.598169916
Geotermia;Brasil;2020;
Eólica;Brasil;2020;57050.7063164823
Solar;Brasil;2020;10748.3414625177
Otros;Brasil;2020;
Térmica renovable;Brasil;2020;58741.8489923119
Total;Brasil;2020;628763.716844517
Hidro;Chile;2020;20629.20756935011
Térmica no renovable;Chile;2020;41459.54614870161
Nuclear;Chile;2020;
Geotermia;Chile;2020;246.8755448000001
Eólica;Chile;2020;5538.817709587956
Solar;Chile;2020;7637.596572154056
Otros;Chile;2020;
Térmica renovable;Chile;2020;2234.100461875733
Total;Chile;2020;77746.14400646946
Hidro;Colombia;2020;49837.35303542995
Térmica no renovable;Colombia;2020;18559.5024077
Nuclear;Colombia;2020;
Geotermia;Colombia;2020;
Eólica;Colombia;2020;10.11660792
Solar;Colombia;2020;190.7960302600002
Otros;Colombia;2020;
Térmica renovable;Colombia;2020;725.7879945799996
Total;Colombia;2020;69323.55607588995
Hidro;Costa Rica;2020;8294.3198
Térmica no renovable;Costa Rica;2020;23.7307
Nuclear;Costa Rica;2020;0.0
Geotermia;Costa Rica;2020;1689.1735
Eólica;Costa Rica;2020;1459.4421
Solar;Costa Rica;2020;9.004299999999999
Otros;Costa Rica;2020;0.0
Térmica renovable;Costa Rica;2020;58.5702
Total;Costa Rica;2020;11534.2406
Hidro;Cuba;2020;111.9
Térmica no renovable;Cuba;2020;19520.92
Nuclear;Cuba;2020;
Geotermia;Cuba;2020;
Eólica;Cuba;2020;28.0
Solar;Cuba;2020;232.8
Otros;Cuba;2020;
Térmica renovable;Cuba;2020;578.9
Total;Cuba;2020;20472.52
Hidro;Ecuador;2020;24333.26152653905
Térmica no renovable;Ecuador;2020;6329.291003967024
Nuclear;Ecuador;2020;0.0
Geotermia;Ecuador;2020;0.0
Eólica;Ecuador;2020;77.10373314899999
Solar;Ecuador;2020;37.76468323499998
Otros;Ecuador;2020;
Térmica renovable;Ecuador;2020;470.5811905050001
Total;Ecuador;2020;31248.00213739507
Hidro;El Salvador;2020;2065.928827941999
Térmica no renovable;El Salvador;2020;888.6920147610646
Nuclear;El Salvador;2020;
Geotermia;El Salvador;2020;1449.98762751301
Eólica;El Salvador;2020;14.12118683100001
Solar;El Salvador;2020;899.634468889999
Otros;El Salvador;2020;26.39
Térmica renovable;El Salvador;2020;549.7340618335083
Total;El Salvador;2020;5894.488187770581
Hidro;Guatemala;2020;5816.537861373276
Térmica no renovable;Guatemala;2020;2749.548307286509
Nuclear;Guatemala;2020;
Geotermia;Guatemala;2020;273.856028411881
Eólica;Guatemala;2020;312.683933271289
Solar;Guatemala;2020;221.506762125521
Otros;Guatemala;2020;
Térmica renovable;Guatemala;2020;1747.929405657738
Total;Guatemala;2020;11122.06229812621
Hidro;Haiti;2020;200.0
Térmica no renovable;Haiti;2020;855.263081837867
Nuclear;Haiti;2020;
Geotermia;Haiti;2020;
Eólica;Haiti;2020;0.07
Solar;Haiti;2020;4.23
Otros;Haiti;2020;
Térmica renovable;Haiti;2020;
Total;Haiti;2020;1059.563081837867
Hidro;Honduras;2020;2700.63997515
Térmica no renovable;Honduras;2020;4442.398979923778
Nuclear;Honduras;2020;
Geotermia;Honduras;2020;306.9883442
Eólica;Honduras;2020;707.3988906999999
Solar;Honduras;2020;1112.8126199028
Otros;Honduras;2020;
Térmica renovable;Honduras;2020;789.1228601591777
Total;Honduras;2020;10059.36167003576
Hidro;México;2020;26817.0
Térmica no renovable;México;2020;232968.74
Nuclear;México;2020;10864.0
Geotermia;México;2020;4575.0
Eólica;México;2020;19702.0
Solar;México;2020;15835.62
Otros;México;2020;2206.51
Térmica renovable;México;2020;4299.640000000014
Total;México;2020;317268.51
Hidro;Nicaragua;2020;574.471109213023
Térmica no renovable;Nicaragua;2020;1146.608254555145
Nuclear;Nicaragua;2020;
Geotermia;Nicaragua;2020;767.312038852104
Eólica;Nicaragua;2020;549.9334452540409
Solar;Nicaragua;2020;25.95531732101921
Otros;Nicaragua;2020;
Térmica renovable;Nicaragua;2020;732.7773761099999
Total;Nicaragua;2020;3797.057541305332
Hidro;Panamá;2020;7349.2
Térmica no renovable;Panamá;2020;4487.4
Nuclear;Panamá;2020;
Geotermia;Panamá;2020;
Eólica;Panamá;2020;584.2
Solar;Panamá;2020;316.9
Otros;Panamá;2020;
Térmica renovable;Panamá;2020;29.8
Total;Panamá;2020;12767.5
Hidro;Paraguay;2020;46371.04
Térmica no renovable;Paraguay;2020;1.92
Nuclear;Paraguay;2020;
Geotermia;Paraguay;2020;
Eólica;Paraguay;2020;
Solar;Paraguay;2020;
Otros;Paraguay;2020;
Térmica renovable;Paraguay;2020;
Total;Paraguay;2020;46372.96
Hidro;Perú;2020;30510.30420212747
Térmica no renovable;Perú;2020;19105.68012147213
Nuclear;Perú;2020;
Geotermia;Perú;2020;
Eólica;Perú;2020;1814.102104000001
Solar;Perú;2020;778.2061320000004
Otros;Perú;2020;
Térmica renovable;Perú;2020;535.4181259999999
Total;Perú;2020;52743.7106855996
Hidro;República Dominicana;2020;1245.0
Térmica no renovable;República Dominicana;2020;15776.303
Nuclear;República Dominicana;2020;
Geotermia;República Dominicana;2020;
Eólica;República Dominicana;2020;1139.0
Solar;República Dominicana;2020;305.0
Otros;República Dominicana;2020;
Térmica renovable;República Dominicana;2020;167.697
Total;República Dominicana;2020;18633.0
Hidro;Uruguay;2020;4093.9425
Térmica no renovable;Uruguay;2020;824.853418261291
Nuclear;Uruguay;2020;
Geotermia;Uruguay;2020;
Eólica;Uruguay;2020;5475.501059133
Solar;Uruguay;2020;462.050122996
Otros;Uruguay;2020;
Térmica renovable;Uruguay;2020;2700.8004755601
Total;Uruguay;2020;13557.14757595039
Hidro;Venezuela;2020;67190.0209547312
Térmica no renovable;Venezuela;2020;14404.34129090452
Nuclear;Venezuela;2020;
Geotermia;Venezuela;2020;
Eólica;Venezuela;2020;19.5612121212121
Solar;Venezuela;2020;0.36
Otros;Venezuela;2020;
Térmica renovable;Venezuela;2020;0.516835016835017
Total;Venezuela;2020;81614.80029277377
Hidro;Argentina;2021;19762.0
Térmica no renovable;Argentina;2021;90074.0
Nuclear;Argentina;2021;10170.0
Geotermia;Argentina;2021;
Eólica;Argentina;2021;12938.0
Solar;Argentina;2021;2196.0
Otros;Argentina;2021;
Térmica renovable;Argentina;2021;1128.0
Total;Argentina;2021;136268.0
Hidro;Bolivia;2021;3236.833997599999
Térmica no renovable;Bolivia;2021;6717.659566529678
Nuclear;Bolivia;2021;
Geotermia;Bolivia;2021;
Eólica;Bolivia;2021;119.623019
Solar;Bolivia;2021;350.52690115
Otros;Bolivia;2021;
Térmica renovable;Bolivia;2021;454.7988315670001
Total;Bolivia;2021;10879.44231584668
Hidro;Brasil;2021;362818.451094812
Térmica no renovable;Brasil;2021;133823.6228582529
Nuclear;Brasil;2021;14704.587598307
Geotermia;Brasil;2021;
Eólica;Brasil;2021;72285.9748711201
Solar;Brasil;2021;16752.2808713802
Otros;Brasil;2021;
Térmica renovable;Brasil;2021;55724.2306823887
Total;Brasil;2021;656109.1479762609
Hidro;Chile;2021;16477.2083331317
Térmica no renovable;Chile;2021;44010.96377180247
Nuclear;Chile;2021;
Geotermia;Chile;2021;325.5821359
Eólica;Chile;2021;7209.913121161056
Solar;Chile;2021;10786.70387256944
Otros;Chile;2021;
Térmica renovable;Chile;2021;2681.596288860907
Total;Chile;2021;81491.96752342557
Hidro;Colombia;2021;60495.98385
Térmica no renovable;Colombia;2021;12256.9408
Nuclear;Colombia;2021;
Geotermia;Colombia;2021;
Eólica;Colombia;2021;60.46202
Solar;Colombia;2021;323.01689
Otros;Colombia;2021;
Térmica renovable;Colombia;2021;797.14524
Total;Colombia;2021;73933.5488
Hidro;Costa Rica;2021;9285.714199999999
Térmica no renovable;Costa Rica;2021;2.8597
Nuclear;Costa Rica;2021;0.0
Geotermia;Costa Rica;2021;1601.7292
Eólica;Costa Rica;2021;1573.2996
Solar;Costa Rica;2021;9.1637
Otros;Costa Rica;2021;0.0
Térmica renovable;Costa Rica;2021;67.3138
Total;Costa Rica;2021;12540.0802
Hidro;Cuba;2021;119.7
Térmica no renovable;Cuba;2021;18385.76341572033
Nuclear;Cuba;2021;
Geotermia;Cuba;2021;
Eólica;Cuba;2021;28.0
Solar;Cuba;2021;237.0
Otros;Cuba;2021;
Térmica renovable;Cuba;2021;579.7365842796704
Total;Cuba;2021;19350.2
Hidro;Ecuador;2021;25574.61080455093
Térmica no renovable;Ecuador;2021;6118.458314692009
Nuclear;Ecuador;2021;0.0
Geotermia;Ecuador;2021;0.0
Eólica;Ecuador;2021;62.01144250000002
Solar;Ecuador;2021;36.86929444600003
Otros;Ecuador;2021;
Térmica renovable;Ecuador;2021;414.9290761189999
Total;Ecuador;2021;32206.87893230794
Hidro;El Salvador;2021;1821.172026435874
Térmica no renovable;El Salvador;2021;986.4843504681198
Nuclear;El Salvador;2021;
Geotermia;El Salvador;2021;1559.10369
Eólica;El Salvador;2021;131.784887397
Solar;El Salvador;2021;1074.429426147175
Otros;El Salvador;2021;21.27974460125199
Térmica renovable;El Salvador;2021;880.4442510169999
Total;El Salvador;2021;6474.698376066422
Hidro;Guatemala;2021;5960.292961288566
Térmica no renovable;Guatemala;2021;3419.302601527928
Nuclear;Guatemala;2021;
Geotermia;Guatemala;2021;264.9682816851121
Eólica;Guatemala;2021;323.79532019711
Solar;Guatemala;2021;229.600299647661
Otros;Guatemala;2021;
Térmica renovable;Guatemala;2021;1745.117716165498
Total;Guatemala;2021;11943.07718051188
Hidro;Haiti;2021;200.0
Térmica no renovable;Haiti;2021;859.27
Nuclear;Haiti;2021;
Geotermia;Haiti;2021;
Eólica;Haiti;2021;0.07
Solar;Haiti;2021;4.23
Otros;Haiti;2021;
Térmica renovable;Haiti;2021;
Total;Haiti;2021;1063.57
Hidro;Honduras;2021;3765.217383539999
Térmica no renovable;Honduras;2021;4136.2256953
Nuclear;Honduras;2021;
Geotermia;Honduras;2021;348.19705539
Eólica;Honduras;2021;774.66166203
Solar;Honduras;2021;1128.6809423968
Otros;Honduras;2021;
Térmica renovable;Honduras;2021;803.8154556399999
Total;Honduras;2021;10956.7981942968
Hidro;México;2021;34717.16
Térmica no renovable;México;2021;231747.91
Nuclear;México;2021;11605.53
Geotermia;México;2021;4242.9
Eólica;México;2021;21074.87
Solar;México;2021;20194.19
Otros;México;2021;1595.58
Térmica renovable;México;2021;3419.839999999909
Total;México;2021;328597.98
Hidro;Nicaragua;2021;599.0299999999999
Térmica no renovable;Nicaragua;2021;1297.54
Nuclear;Nicaragua;2021;
Geotermia;Nicaragua;2021;734.03
Eólica;Nicaragua;2021;655.83
Solar;Nicaragua;2021;27.27
Otros;Nicaragua;2021;
Térmica renovable;Nicaragua;2021;898.7900000000001
Total;Nicaragua;2021;4212.49
Hidro;Panamá;2021;8341.8
Térmica no renovable;Panamá;2021;4407.0
Nuclear;Panamá;2021;
Geotermia;Panamá;2021;
Eólica;Panamá;2021;529.6
Solar;Panamá;2021;585.6
Otros;Panamá;2021;
Térmica renovable;Panamá;2021;22.5
Total;Panamá;2021;13886.5
Hidro;Paraguay;2021;40574.21
Térmica no renovable;Paraguay;2021;1.977
Nuclear;Paraguay;2021;
Geotermia;Paraguay;2021;
Eólica;Paraguay;2021;
Solar;Paraguay;2021;
Otros;Paraguay;2021;
Térmica renovable;Paraguay;2021;
Total;Paraguay;2021;40576.187
Hidro;Perú;2021;31925.68093599997
Térmica no renovable;Perú;2021;22284.82517176166
Nuclear;Perú;2021;
Geotermia;Perú;2021;
Eólica;Perú;2021;1822.574989
Solar;Perú;2021;801.6974530000005
Otros;Perú;2021;
Térmica renovable;Perú;2021;562.237254
Total;Perú;2021;57397.01580376163
Hidro;República Dominicana;2021;1496.0
Térmica no renovable;República Dominicana;2021;18018.0098
Nuclear;República Dominicana;2021;
Geotermia;República Dominicana;2021;
Eólica;República Dominicana;2021;1231.0
Solar;República Dominicana;2021;486.0
Otros;República Dominicana;2021;
Térmica renovable;República Dominicana;2021;223.9902
Total;República Dominicana;2021;21455.0
Hidro;Uruguay;2021;5272.8
Térmica no renovable;Uruguay;2021;2469.2
Nuclear;Uruguay;2021;
Geotermia;Uruguay;2021;
Eólica;Uruguay;2021;4991.3
Solar;Uruguay;2021;483.4
Otros;Uruguay;2021;
Térmica renovable;Uruguay;2021;2736.7
Total;Uruguay;2021;15953.4
Hidro;Venezuela;2021;67845.3597803395
Térmica no renovable;Venezuela;2021;16008.45795762599
Nuclear;Venezuela;2021;
Geotermia;Venezuela;2021;
Eólica;Venezuela;2021;17.6889343434343
Solar;Venezuela;2021;0.3645
Otros;Venezuela;2021;
Térmica renovable;Venezuela;2021;0.62020202020202
Total;Venezuela;2021;83872.49137432911
